update,frames,FPS,duration,rreturn_mean,rreturn_std,rreturn_min,rreturn_max,num_frames_mean,num_frames_std,num_frames_min,num_frames_max,entropy,value,policy_loss,value_loss,grad_norm,return_mean,return_std,return_min,return_max
1,2048,2745.6363043006454,0,0.12117500230669975,0.3206824435137192,0.0,0.9901000261306763,8.5,27.753378172755834,0.0,114.0,1.9092570841312408,-0.04524161678273231,-0.04204351827502251,0.05567428609356284,0.10482045741951392,0.12117500230669975,0.3206824435137192,0.0,0.9901000261306763
update,frames,FPS,duration,rreturn_mean,rreturn_std,rreturn_min,rreturn_max,num_frames_mean,num_frames_std,num_frames_min,num_frames_max,entropy,value,policy_loss,value_loss,grad_norm,return_mean,return_std,return_min,return_max
2,4096,2775.044757063819,1,0.12117500230669975,0.3206824435137192,0.0,0.9901000261306763,8.5,27.753378172755834,0.0,114.0,1.9092360585927963,-0.031513700960204005,-0.0022047994466447562,0.030059533310122788,0.06768151986903995,0.12117500230669975,0.3206824435137192,0.0,0.9901000261306763
update,frames,FPS,duration,rreturn_mean,rreturn_std,rreturn_min,rreturn_max,num_frames_mean,num_frames_std,num_frames_min,num_frames_max,entropy,value,policy_loss,value_loss,grad_norm,return_mean,return_std,return_min,return_max
3,6144,2816.154091683398,2,0.12117500230669975,0.3206824435137192,0.0,0.9901000261306763,8.5,27.753378172755834,0.0,114.0,1.8940966427326202,-0.03162043774500489,-0.014498158358037472,0.039080783259123564,0.06677724368424866,0.12117500230669975,0.3206824435137192,0.0,0.9901000261306763
update,frames,FPS,duration,rreturn_mean,rreturn_std,rreturn_min,rreturn_max,num_frames_mean,num_frames_std,num_frames_min,num_frames_max,entropy,value,policy_loss,value_loss,grad_norm,return_mean,return_std,return_min,return_max
4,8192,2855.103109227637,2,0.17070937901735306,0.3572637545221663,0.0,0.9901000261306763,37.3125,112.83988587263813,0.0,461.0,1.9150955975055695,-0.04257045919075608,-0.016096904932055622,0.03612505202181637,0.04466120064664754,0.17070937901735306,0.3572637545221663,0.0,0.9901000261306763
update,frames,FPS,duration,rreturn_mean,rreturn_std,rreturn_min,rreturn_max,num_frames_mean,num_frames_std,num_frames_min,num_frames_max,entropy,value,policy_loss,value_loss,grad_norm,return_mean,return_std,return_min,return_max
5,10240,2812.977978046161,3,0.2153218798339367,0.3771736657168678,0.0,0.9901000261306763,77.0625,182.94106590306617,0.0,636.0,1.902547925710678,-0.023936260142363608,-0.016578590613789856,0.0361844627186656,0.05129967999308675,0.2153218798339367,0.3771736657168678,0.0,0.9901000261306763
update,frames,FPS,duration,rreturn_mean,rreturn_std,rreturn_min,rreturn_max,num_frames_mean,num_frames_std,num_frames_min,num_frames_max,entropy,value,policy_loss,value_loss,grad_norm,return_mean,return_std,return_min,return_max
6,12288,2802.9143326272156,4,0.2153218798339367,0.3771736657168678,0.0,0.9901000261306763,77.0625,182.94106590306617,0.0,636.0,1.926098182797432,-0.004798758018296212,-0.0019531448633642867,0.0232138866558671,0.0388572055391864,0.2153218798339367,0.3771736657168678,0.0,0.9901000261306763
update,frames,FPS,duration,rreturn_mean,rreturn_std,rreturn_min,rreturn_max,num_frames_mean,num_frames_std,num_frames_min,num_frames_max,entropy,value,policy_loss,value_loss,grad_norm,return_mean,return_std,return_min,return_max
7,14336,2807.980279263774,5,0.32935937866568565,0.386688115926341,0.0,0.9901000261306763,240.3125,352.0111359655402,0.0,890.0,1.915379986166954,0.023258987348526716,-0.013068348926026374,0.01906382164452225,0.04378818671475458,0.32935937866568565,0.386688115926341,0.0,0.9901000261306763
update,frames,FPS,duration,rreturn_mean,rreturn_std,rreturn_min,rreturn_max,num_frames_mean,num_frames_std,num_frames_min,num_frames_max,entropy,value,policy_loss,value_loss,grad_norm,return_mean,return_std,return_min,return_max
8,16384,2815.0659913515533,5,0.32935937866568565,0.386688115926341,0.0,0.9901000261306763,240.3125,352.0111359655402,0.0,890.0,1.9144115895032883,0.016572462976910174,0.007586659827211406,0.013044061895925552,0.0318457911081722,0.32935937866568565,0.386688115926341,0.0,0.9901000261306763
update,frames,FPS,duration,rreturn_mean,rreturn_std,rreturn_min,rreturn_max,num_frames_mean,num_frames_std,num_frames_min,num_frames_max,entropy,value,policy_loss,value_loss,grad_norm,return_mean,return_std,return_min,return_max
9,18432,2824.2966961066495,6,0.32935937866568565,0.386688115926341,0.0,0.9901000261306763,240.3125,352.0111359655402,0.0,890.0,1.9179684668779373,0.011556098121218383,0.0037507856322918087,0.013309281086549163,0.027239405246374568,0.32935937866568565,0.386688115926341,0.0,0.9901000261306763
update,frames,FPS,duration,rreturn_mean,rreturn_std,rreturn_min,rreturn_max,num_frames_mean,num_frames_std,num_frames_min,num_frames_max,entropy,value,policy_loss,value_loss,grad_norm,return_mean,return_std,return_min,return_max
10,20480,2809.2429676820134,7,0.32935937866568565,0.386688115926341,0.0,0.9901000261306763,240.3125,352.0111359655402,0.0,890.0,1.9305352121591568,0.01673484791535884,-0.00035450585710350424,0.013323621940799057,0.023020388909599246,0.32935937866568565,0.386688115926341,0.0,0.9901000261306763
11,22528,2785.7886053567977,8,0.4024687521159649,0.37832921263296637,0.0,0.9901000261306763,355.625,427.83742166271526,0.0,1337.0,1.926974967122078,0.03671695152297616,-0.004880037406110205,0.011238076840527356,0.031211198821127908,0.4024687521159649,0.37832921263296637,0.0,0.9901000261306763
12,24576,2718.4911632540743,8,0.4443875029683113,0.34890678043589246,0.0,0.9901000261306763,540.25,539.0320607347952,0.0,1519.0,1.9294286221265793,0.020941693510394543,-0.001297956274356693,0.01467385544674471,0.027526440412592657,0.4443875029683113,0.34890678043589246,0.0,0.9901000261306763
13,26624,2664.096602925318,9,0.4443875029683113,0.34890678043589246,0.0,0.9901000261306763,540.25,539.0320607347952,0.0,1519.0,1.9277637302875519,0.008294452374684624,0.0019266342860646546,0.0141706601716578,0.027890537815087386,0.4443875029683113,0.34890678043589246,0.0,0.9901000261306763
14,28672,2737.19874795306,10,0.47367812786251307,0.3189183426364823,0.0,0.9901000261306763,752.9375,614.3283394030834,0.0,1704.0,1.9223353117704391,0.021178178722038865,-0.0045359100186033174,0.017054212861694396,0.03409926299370911,0.47367812786251307,0.3189183426364823,0.0,0.9901000261306763
15,30720,2535.0017624151105,11,0.4956562528386712,0.29034941622043753,0.0,0.9901000261306763,981.875,632.2192929474709,0.0,1868.0,1.902135744690895,0.010975155717460439,-0.0031207780994009227,0.01712280686479062,0.03701034189103512,0.4956562528386712,0.29034941622043753,0.0,0.9901000261306763
16,32768,2650.449512872057,11,0.37448125053197145,0.26873981230118116,0.0,0.7925500273704529,1348.375,542.9752382705864,461.0,2000.0,1.9268649220466614,0.017118701951403636,0.0028000529418932274,0.014907350181601942,0.029865185913084624,0.37448125053197145,0.26873981230118116,0.0,0.7925500273704529
17,34816,2786.9373700000615,12,0.32494687382131815,0.26001605968018393,0.0,0.771399974822998,1444.5625,512.7317730487842,508.0,2000.0,1.9336581528186798,0.0015776697255205363,0.004599525564117357,0.019255024380981922,0.023761901006050835,0.32494687382131815,0.26001605968018393,0.0,0.771399974822998
18,36864,2742.2170537191323,13,0.32494687382131815,0.26001605968018393,0.0,0.771399974822998,1444.5625,512.7317730487842,508.0,2000.0,1.9306681007146835,-0.002902277570683509,-0.0015124620113056153,0.028051105327904224,0.027618460443867794,0.32494687382131815,0.26001605968018393,0.0,0.771399974822998
19,38912,2724.6469801229305,14,0.32494687382131815,0.26001605968018393,0.0,0.771399974822998,1444.5625,512.7317730487842,508.0,2000.0,1.9308635890483856,-0.014869407517835498,-0.005233387753833085,0.022285073529928923,0.025090930743534134,0.32494687382131815,0.26001605968018393,0.0,0.771399974822998
20,40960,2703.502113720425,14,0.2803343730047345,0.25053354614531004,0.0,0.771399974822998,1529.8125,483.7844585595428,508.0,2000.0,1.9273084849119186,-0.004688580258516595,-0.003579871408874169,0.022660624468699098,0.03325130545098541,0.2803343730047345,0.25053354614531004,0.0,0.771399974822998
21,43008,2664.51888224598,15,0.24131874833256006,0.2424132352788283,0.0,0.771399974822998,1602.625,460.8581499496347,508.0,2000.0,1.9183126091957092,-0.004326621419750154,-0.007218279875814915,0.022385800373740494,0.0346695732431711,0.24131874833256006,0.2424132352788283,0.0,0.771399974822998
22,45056,2720.142281941253,16,0.24131874833256006,0.2424132352788283,0.0,0.771399974822998,1602.625,460.8581499496347,508.0,2000.0,1.923145353794098,-0.016863839060533792,-0.004711889399914071,0.030064470833167434,0.03715275643424529,0.24131874833256006,0.2424132352788283,0.0,0.771399974822998
23,47104,2784.859260440789,17,0.16629687417298555,0.21051830040214078,0.0,0.771399974822998,1741.5625,386.10603607526,508.0,2000.0,1.9087656289339066,-0.012681353167863563,-0.010420374572277069,0.03474777424708009,0.03593365760366946,0.16629687417298555,0.21051830040214078,0.0,0.771399974822998
24,49152,2693.113913002039,17,0.16629687417298555,0.21051830040214078,0.0,0.771399974822998,1741.5625,386.10603607526,508.0,2000.0,1.895134061574936,-0.013704731711186469,-0.006570936311618425,0.03102317894808948,0.038836148165489914,0.16629687417298555,0.21051830040214078,0.0,0.771399974822998
25,51200,2649.4448127855344,18,0.16629687417298555,0.21051830040214078,0.0,0.771399974822998,1741.5625,386.10603607526,508.0,2000.0,1.9047001600265503,-0.04243810614570975,-0.00886713297222741,0.037483757827430964,0.04154841384576816,0.16629687417298555,0.21051830040214078,0.0,0.771399974822998
26,53248,2726.152440369325,19,0.18297499883919954,0.23713028987481166,0.0,0.771399974822998,1704.5,446.84505144401004,508.0,2000.0,1.903997853398323,-0.03214155952446163,-0.010070788790471852,0.02901824051514268,0.04039315789338454,0.18297499883919954,0.23713028987481166,0.0,0.771399974822998
27,55296,2692.546633131302,20,0.09284374956041574,0.17261934423547023,0.0,0.6651999950408936,1863.125,307.75860568796446,744.0,2000.0,1.8812672644853592,-0.03580724238418043,-0.0022533789415319916,0.02948776981793344,0.042945283826072524,0.09284374956041574,0.17261934423547023,0.0,0.6651999950408936
28,57344,2725.611805193742,21,0.07812812458723783,0.1698487624081569,0.0,0.6651999950408936,1881.9375,306.3475291131789,744.0,2000.0,1.8933685719966888,-0.00993595582258422,-0.008932567900046706,0.02470887894742191,0.033268546168663676,0.07812812458723783,0.1698487624081569,0.0,0.6651999950408936
29,59392,2809.8632485733865,21,0.05153749976307154,0.16305703980233147,0.0,0.6651999950408936,1913.25,303.5777289262175,744.0,2000.0,1.8963732868432999,-0.00788510701386258,-0.011294625073787756,0.02611293224617839,0.036223381330309876,0.05153749976307154,0.16305703980233147,0.0,0.6651999950408936
30,61440,2777.200719426554,22,0.04157499969005585,0.16101928141816482,0.0,0.6651999950408936,1921.5,304.02919267728225,744.0,2000.0,1.9141409695148468,-0.00013102858792990446,-0.0011055899085476995,0.02154798700939864,0.022527488319246797,0.04157499969005585,0.16101928141816482,0.0,0.6651999950408936
31,63488,2712.001722560427,23,0.08897187560796738,0.23597270284271676,0.0,0.7583500146865845,1830.0625,451.0990008786874,537.0,2000.0,1.8907810151576996,0.0042377489153295755,-0.00815081467226264,0.021748178638517857,0.03201179628134403,0.08897187560796738,0.23597270284271676,0.0,0.7583500146865845
32,65536,2793.8789815111454,23,0.08897187560796738,0.23597270284271676,0.0,0.7583500146865845,1830.0625,451.0990008786874,537.0,2000.0,1.9063271433115005,-0.005754200101364404,0.0011781109205912799,0.02351481735240668,0.03316255479794458,0.08897187560796738,0.23597270284271676,0.0,0.7583500146865845
33,67584,2691.6725447309873,24,0.08897187560796738,0.23597270284271676,0.0,0.7583500146865845,1830.0625,451.0990008786874,537.0,2000.0,1.9179324358701706,-0.001059290545526892,0.0037561157514574006,0.021388397784903646,0.025505053506121957,0.08897187560796738,0.23597270284271676,0.0,0.7583500146865845
34,69632,2709.6149453278185,25,0.08897187560796738,0.23597270284271676,0.0,0.7583500146865845,1830.0625,451.0990008786874,537.0,2000.0,1.9059187471866608,0.013304649488418363,-0.01573859842028469,0.02335182297974825,0.033325605512653844,0.08897187560796738,0.23597270284271676,0.0,0.7583500146865845
35,71680,2736.75660713512,26,0.1688312478363514,0.29363901738458553,0.0,0.7583500146865845,1680.375,556.7728301336192,537.0,2000.0,1.9176683574914932,0.021134748705662787,-0.012590608675964177,0.018162801978178322,0.03272889036006221,0.1688312478363514,0.29363901738458553,0.0,0.7583500146865845
36,73728,2718.729496065883,27,0.15631562285125256,0.2759506393785465,0.0,0.7583500146865845,1708.1875,519.1465615255003,537.0,2000.0,1.9195919781923294,0.0056090890429914,-0.0032634132949169725,0.021750381216406822,0.024806018282823337,0.15631562285125256,0.2759506393785465,0.0,0.7583500146865845
37,75776,2682.0178519464916,27,0.15631562285125256,0.2759506393785465,0.0,0.7583500146865845,1708.1875,519.1465615255003,537.0,2000.0,1.9077304154634476,-0.004931852919980884,0.00043417210690677166,0.02208709786646068,0.027517805128262247,0.15631562285125256,0.2759506393785465,0.0,0.7583500146865845
38,77824,2758.245367541402,28,0.15631562285125256,0.2759506393785465,0.0,0.7583500146865845,1708.1875,519.1465615255003,537.0,2000.0,1.9086369574069977,-0.011672042652207892,-0.0029597189859487116,0.020822550752200186,0.0329819669604615,0.15631562285125256,0.2759506393785465,0.0,0.7583500146865845
39,79872,2762.2526750482434,29,0.15631562285125256,0.2759506393785465,0.0,0.7583500146865845,1708.1875,519.1465615255003,537.0,2000.0,1.9037040621042252,0.008551965845981613,-0.0045066726161167026,0.017409145599231124,0.027982151740089597,0.15631562285125256,0.2759506393785465,0.0,0.7583500146865845
40,81920,2797.608756484379,30,0.1831812486052513,0.28031437536217707,0.0,0.7583500146865845,1662.375,523.6961040288537,537.0,2000.0,1.907552644610405,0.019773209995037178,-0.011307367181871086,0.018103329464793205,0.03236273411964852,0.1831812486052513,0.28031437536217707,0.0,0.7583500146865845
41,83968,2793.6690852631696,30,0.21184687316417694,0.28354877835652903,0.0,0.7583500146865845,1612.5625,527.106247443293,537.0,2000.0,1.90018892288208,0.019622868741862476,0.0007600558310514316,0.016995104087982327,0.03444361688960164,0.21184687316417694,0.28354877835652903,0.0,0.7583500146865845
42,86016,2809.6821901426833,31,0.21184687316417694,0.28354877835652903,0.0,0.7583500146865845,1612.5625,527.106247443293,537.0,2000.0,1.9036754220724106,0.018197102355770767,-0.0023996856180019677,0.009886300249490887,0.020125070866044613,0.21184687316417694,0.28354877835652903,0.0,0.7583500146865845
43,88064,2821.567381775755,32,0.21184687316417694,0.28354877835652903,0.0,0.7583500146865845,1612.5625,527.106247443293,537.0,2000.0,1.9117896854877472,0.017460424860473722,0.0019670784240588546,0.012284181080758572,0.025272319005708404,0.21184687316417694,0.28354877835652903,0.0,0.7583500146865845
44,90112,2812.5119400062736,32,0.21184687316417694,0.28354877835652903,0.0,0.7583500146865845,1612.5625,527.106247443293,537.0,2000.0,1.9086746573448181,0.024844469560775906,-0.0029777810705127195,0.012072831741534173,0.03334770870154091,0.21184687316417694,0.28354877835652903,0.0,0.7583500146865845
45,92160,2831.2831123388523,33,0.21184687316417694,0.28354877835652903,0.0,0.7583500146865845,1612.5625,527.106247443293,537.0,2000.0,1.8951130360364914,0.01529329817276448,-0.0004685386084020138,0.012273956672288477,0.024292454106136424,0.21184687316417694,0.28354877835652903,0.0,0.7583500146865845
46,94208,2814.276514765563,34,0.1644499972462654,0.24958322105898015,0.0,0.6683499813079834,1704.0,454.488448698094,737.0,2000.0,1.9194960594177246,0.015194317209534347,0.002388603570580017,0.014328449906315655,0.022890181752113905,0.1644499972462654,0.24958322105898015,0.0,0.6683499813079834
47,96256,2819.682582074232,35,0.1644499972462654,0.24958322105898015,0.0,0.6683499813079834,1704.0,454.488448698094,737.0,2000.0,1.9211776852607727,0.010497449868125841,0.0005131167417857796,0.01021227054297924,0.0199956994462403,0.1644499972462654,0.24958322105898015,0.0,0.6683499813079834
48,98304,2835.6853388669783,35,0.1644499972462654,0.24958322105898015,0.0,0.6683499813079834,1704.0,454.488448698094,737.0,2000.0,1.933913454413414,0.01648030453361571,-0.005535221673198976,0.01736146176699549,0.024002030266373733,0.1644499972462654,0.24958322105898015,0.0,0.6683499813079834
49,100352,2846.0172326164675,36,0.1644499972462654,0.24958322105898015,0.0,0.6683499813079834,1704.0,454.488448698094,737.0,2000.0,1.9241814762353897,0.02455721702426672,0.0006785254809074104,0.011929705913644284,0.021416469762676835,0.1644499972462654,0.24958322105898015,0.0,0.6683499813079834
50,102400,2794.9725875851514,37,0.1165468767285347,0.20239291511103494,0.0,0.5113000273704529,1796.5625,353.85607398171084,1086.0,2000.0,1.9225010722875595,0.0109566816536244,0.0004847445379709825,0.016378040774725378,0.020921267774089397,0.1165468767285347,0.20239291511103494,0.0,0.5113000273704529
51,104448,2828.993948080485,38,0.08748750202357769,0.1827042621837373,0.0,0.5113000273704529,1847.25,319.62605103464267,1086.0,2000.0,1.9165946543216705,-0.009533681411994621,0.0007274551026057452,0.017322570900432765,0.022901006865987457,0.08748750202357769,0.1827042621837373,0.0,0.5113000273704529
52,106496,2760.7514546281986,38,0.08748750202357769,0.1827042621837373,0.0,0.5113000273704529,1847.25,319.62605103464267,1086.0,2000.0,1.9131364226341248,-0.004243294009938836,-0.0007761090091662481,0.01635749824345112,0.024323379002238313,0.08748750202357769,0.1827042621837373,0.0,0.5113000273704529
53,108544,2705.4767240616347,39,0.1414375025779009,0.2599999697152659,0.0,0.8632000088691711,1741.25,488.1780540950197,304.0,2000.0,1.9193290323019028,0.0005432891339296475,-0.007050876898574643,0.020213381969369948,0.027442944452699625,0.1414375025779009,0.2599999697152659,0.0,0.8632000088691711
54,110592,2630.305078517807,40,0.0859062522649765,0.23564589780661133,0.0,0.8632000088691711,1836.875,453.1870302369652,304.0,2000.0,1.9213507026433945,-0.00046390532224904746,-0.00044134948984719813,0.020955199259333313,0.024698007696456012,0.0859062522649765,0.23564589780661133,0.0,0.8632000088691711
55,112640,2620.4667614597483,41,0.19389687851071358,0.3256387674963231,0.0,0.9523000121116638,1638.5625,634.5143781615591,106.0,2000.0,1.905178964138031,0.015492228820221499,-0.008967684087110683,0.023221953073516488,0.03717465271475992,0.19389687851071358,0.3256387674963231,0.0,0.9523000121116638
56,114688,2717.7403010102225,41,0.19389687851071358,0.3256387674963231,0.0,0.9523000121116638,1638.5625,634.5143781615591,106.0,2000.0,1.9105063825845718,0.0057370491631445475,0.0005210664821788669,0.01871155563276261,0.02871845562908632,0.19389687851071358,0.3256387674963231,0.0,0.9523000121116638
57,116736,2819.150478143377,42,0.27732812985777855,0.3620830238995907,0.0,0.9523000121116638,1480.9375,710.9917781477856,106.0,2000.0,1.9101144224405289,0.0017589843191672117,-0.008422693019383587,0.02199704118538648,0.04067449210453693,0.27732812985777855,0.3620830238995907,0.0,0.9523000121116638
58,118784,2807.5718704650344,43,0.34197187796235085,0.3722806501878676,0.0,0.9523000121116638,1365.0625,740.8079599962125,106.0,2000.0,1.9020529091358185,0.02469880285207182,-0.013360816054046154,0.01784763834439218,0.03931550967631994,0.34197187796235085,0.3722806501878676,0.0,0.9523000121116638
59,120832,2842.206254423403,44,0.43966250121593475,0.37623331918555386,0.0,0.9523000121116638,1175.75,757.5823800089335,106.0,2000.0,1.9034683555364609,0.0438194815069437,-0.018041807605186477,0.01766173739451915,0.041051149796852336,0.43966250121593475,0.37623331918555386,0.0,0.9523000121116638
60,122880,2788.0219278458326,44,0.4615500010550022,0.3598488910004322,0.0,0.9523000121116638,1141.0,731.2722646183157,106.0,2000.0,1.9077612459659576,0.035040765069425106,-0.00031897370354272425,0.01401828182861209,0.030028489103060454,0.4615500010550022,0.3598488910004322,0.0,0.9523000121116638
61,124928,2778.6488780027994,45,0.4475156255066395,0.3480974945505848,0.0,0.9523000121116638,1172.1875,705.0823727365123,106.0,2000.0,1.9081027209758759,0.02456989756319672,-0.0009763887792360038,0.012307938886806369,0.030833938552813266,0.4475156255066395,0.3480974945505848,0.0,0.9523000121116638
62,126976,2829.678910364379,46,0.5041937492787838,0.34442607247780227,0.0,0.9523000121116638,1060.125,707.0910368368418,106.0,2000.0,1.9102171063423157,0.021156668663024902,-0.005498174286913127,0.012904719449579716,0.03543822188406655,0.5041937492787838,0.34442607247780227,0.0,0.9523000121116638
63,129024,2822.49635175604,47,0.460846871137619,0.3565632304866846,0.0,0.9356499910354614,1142.5625,723.4007334069755,143.0,2000.0,1.8843012750148773,0.037557481322437525,-0.0005532588693313301,0.013475434621796012,0.04272413499973935,0.460846871137619,0.3565632304866846,0.0,0.9356499910354614
64,131072,2740.136896878198,47,0.6017874963581562,0.3659268703979173,0.0,0.9801999926567078,843.25,746.5439119703542,44.0,2000.0,1.8836090415716171,0.05057367729023099,-0.019658314588014036,0.01735858025494963,0.050045379867952,0.6017874963581562,0.3659268703979173,0.0,0.9801999926567078
65,133120,2794.691604571877,48,0.580912496894598,0.3830547138949682,0.0,0.9801999926567078,875.75,768.3886955831664,44.0,2000.0,1.8924417048692703,0.031307126861065626,0.0037920350150670856,0.01265575725119561,0.033957037819342284,0.580912496894598,0.3830547138949682,0.0,0.9801999926567078
66,135168,2750.941970054536,49,0.5620125010609627,0.378257643663783,0.0,0.9801999926567078,917.75,759.6400051998315,44.0,2000.0,1.876051515340805,0.05955346627160907,-0.022826658212579787,0.015885257627815008,0.043316297715972965,0.5620125010609627,0.378257643663783,0.0,0.9801999926567078
67,137216,2748.54335436193,50,0.6798343770205975,0.36847722772740793,0.0,0.984250009059906,669.8125,743.0504877488138,35.0,2000.0,1.9003608673810959,0.06622069096192718,-0.010740769961557817,0.014542845776304603,0.04580097574241372,0.6798343770205975,0.36847722772740793,0.0,0.984250009059906
68,139264,2679.2990575907083,50,0.7406750060617924,0.3296749511742043,0.0,0.9847000241279602,548.5,671.3261130032109,34.0,2000.0,1.8817472606897354,0.06608082447201014,-0.0025886947187245823,0.014864715281873941,0.05292696116166829,0.7406750060617924,0.3296749511742043,0.0,0.9847000241279602
69,141312,2734.937223957086,51,0.6402625050395727,0.36764591839740735,0.0,0.9847000241279602,757.75,745.9424827022523,34.0,2000.0,1.8754179924726486,0.05733273411169648,-0.0019510774582158774,0.01258356252219528,0.040784151557067355,0.6402625050395727,0.36764591839740735,0.0,0.9847000241279602
70,143360,2824.0794193727406,52,0.7097656298428774,0.3397555324198743,0.0,0.9847000241279602,617.1875,698.4406935050033,34.0,2000.0,1.8438833355903625,0.10313728265464306,-0.026038928888738155,0.01937790133524686,0.06495297414459303,0.7097656298428774,0.3397555324198743,0.0,0.9847000241279602
71,145408,2803.059761101784,52,0.7117906268686056,0.3356478171720168,0.0,0.9847000241279602,612.6875,688.3813186336117,34.0,2000.0,1.8223771005868912,0.10234959423542023,-0.0074026016518473625,0.018381825415417552,0.05464157432181285,0.7117906268686056,0.3356478171720168,0.0,0.9847000241279602
72,147456,2846.2265812416667,53,0.6810156255960464,0.36660700404708113,0.0,0.98785001039505,667.1875,738.3199017659961,27.0,2000.0,1.8435543477535248,0.11876595951616764,-0.005722754125599749,0.017324792803265154,0.056807669157115215,0.6810156255960464,0.36660700404708113,0.0,0.98785001039505
73,149504,2833.10029350351,54,0.7172406241297722,0.364581769556406,0.0,0.9887499809265137,586.6875,728.762797379058,25.0,2000.0,1.8292247951030731,0.13438481278717518,-0.009753116144565865,0.017890424467623234,0.05623013930651424,0.7172406241297722,0.364581769556406,0.0,0.9887499809265137
74,151552,2817.90567718824,55,0.6938968785107136,0.3739529838463433,0.0,0.9887499809265137,638.5625,754.7156723520123,25.0,2000.0,1.8538760542869568,0.12255615647882223,-0.002010559051996097,0.01607548096217215,0.055015176527254024,0.6938968785107136,0.3739529838463433,0.0,0.9887499809265137
75,153600,2841.422161475381,55,0.8067750073969364,0.27955144292388734,0.0,0.9896500110626221,415.5,582.2487655633114,23.0,2000.0,1.8207372575998306,0.14886757917702198,-0.017880475206766278,0.019214452360756695,0.06557673294045935,0.8067750073969364,0.27955144292388734,0.0,0.9896500110626221
76,155648,2840.4600297275088,56,0.7765125073492527,0.2820039678483941,0.0,0.9896500110626221,482.75,589.6463452782524,23.0,2000.0,1.8432065099477768,0.10782917961478233,0.0031470140966121107,0.012874787906184793,0.044172088192845876,0.7765125073492527,0.2820039678483941,0.0,0.9896500110626221
77,157696,2852.8671839063854,57,0.7953000068664551,0.2827155032644254,0.0,0.9896500110626221,441.0,590.3451321049408,23.0,2000.0,1.8740534335374832,0.09785200096666813,0.0060278930177446455,0.011809667688794434,0.03713675726588302,0.7953000068664551,0.2827155032644254,0.0,0.9896500110626221
78,159744,2857.7284817894106,58,0.7953000068664551,0.2827155032644254,0.0,0.9896500110626221,441.0,590.3451321049408,23.0,2000.0,1.8844434916973114,0.07706753723323345,0.0037602030934067443,0.011577552533708513,0.02943070097054589,0.7953000068664551,0.2827155032644254,0.0,0.9896500110626221
79,161792,2855.1429666391123,58,0.7953000068664551,0.2827155032644254,0.0,0.9896500110626221,441.0,590.3451321049408,23.0,2000.0,1.8653644174337387,0.05804933421313763,0.014191044960170984,0.010446707834489644,0.036226656627582565,0.7953000068664551,0.2827155032644254,0.0,0.9896500110626221
80,163840,2766.027574832242,59,0.7606156282126904,0.32356802085111747,0.0,0.9896500110626221,504.1875,654.6118333361765,23.0,2000.0,1.8419855386018753,0.08189435116946697,-0.01672077819239348,0.016122764558531344,0.05984277869456722,0.7606156282126904,0.32356802085111747,0.0,0.9896500110626221
81,165888,2798.6204852760166,60,0.7984781265258789,0.26017884205123987,0.0,0.9896500110626221,433.9375,536.555037804837,23.0,2000.0,1.8793575912714005,0.0660409121774137,0.0009139090543612838,0.010744539089500904,0.03874021195344503,0.7984781265258789,0.26017884205123987,0.0,0.9896500110626221
82,167936,2828.9790410247897,60,0.8019656278192997,0.25724863558380484,0.0,0.9896500110626221,426.1875,529.3286099803694,23.0,2000.0,1.8859386444091797,0.06980558717623353,-0.002774297317955643,0.01253452617675066,0.033739818533585215,0.8019656278192997,0.25724863558380484,0.0,0.9896500110626221
83,169984,2839.5576841197767,61,0.7783125005662441,0.2602173510339282,0.0,0.9896500110626221,478.75,537.8057851120607,23.0,2000.0,1.876960664987564,0.06877731159329414,0.001851417575380765,0.011514435987919569,0.032068221074282637,0.7783125005662441,0.2602173510339282,0.0,0.9896500110626221
84,172032,2849.494332647658,62,0.7783125005662441,0.2602173510339282,0.0,0.9896500110626221,478.75,537.8057851120607,23.0,2000.0,1.9129902571439743,0.04249103972688317,0.006893868849147111,0.010825020959600806,0.02823381132968346,0.7783125005662441,0.2602173510339282,0.0,0.9896500110626221
85,174080,2836.0392320647215,63,0.6768031232059002,0.3327595062329867,0.0,0.9869499802589417,690.4375,684.5835384332214,29.0,2000.0,1.9083290100097656,0.04092707997187972,0.004578977095661685,0.011302623082883656,0.02621634228850831,0.6768031232059002,0.3327595062329867,0.0,0.9869499802589417
86,176128,2744.7493382515527,63,0.6152593716979027,0.3600626730344785,0.0,0.9869499802589417,813.3125,730.6223989474659,29.0,2000.0,1.9079664200544357,0.02658674493432045,0.003237306445953436,0.011632977519184351,0.026518202251181892,0.6152593716979027,0.3600626730344785,0.0,0.9869499802589417
87,178176,2796.0115330657736,64,0.5100593715906143,0.3906087481421233,0.0,0.9869499802589417,1019.3125,778.8719983692763,29.0,2000.0,1.8966515213251114,0.023731204913929105,0.0009479668879066594,0.01280711474828422,0.03204293486112049,0.5100593715906143,0.3906087481421233,0.0,0.9869499802589417
88,180224,2836.329527868058,65,0.4554906226694584,0.39701394886280217,0.0,0.9869499802589417,1126.6875,788.1907065195263,29.0,2000.0,1.9083667546510696,0.012091443000826985,0.0019453344430075958,0.014027381082996726,0.023820667468498646,0.4554906226694584,0.39701394886280217,0.0,0.9869499802589417
89,182272,2781.4479544706855,66,0.4088812470436096,0.3958639928852275,0.0,0.9518499970436096,1216.375,780.6048035818125,107.0,2000.0,1.884246602654457,0.058195913676172495,-0.016285553690977395,0.016861919895745814,0.037820794385499235,0.4088812470436096,0.3958639928852275,0.0,0.9518499970436096
90,184320,2688.1818589216396,66,0.4137749969959259,0.39811300724193693,0.0,0.970300018787384,1205.5,784.8868549033039,66.0,2000.0,1.8845518082380295,0.0375404697842896,-0.012640239030588418,0.016221970319747925,0.04219615421024007,0.4137749969959259,0.39811300724193693,0.0,0.970300018787384
91,186368,2787.8961518626306,67,0.4440093729645014,0.40792092471079977,0.0,0.970300018787384,1138.3125,801.2631994817621,66.0,2000.0,1.893877387046814,0.036321720806881785,-0.008075559075223282,0.014998494065366685,0.04076542082189884,0.4440093729645014,0.40792092471079977,0.0,0.970300018787384
92,188416,2800.7100594185436,68,0.5040624979883432,0.4088604253544993,0.0,0.970300018787384,1018.75,806.473534903657,66.0,2000.0,1.9043838530778885,0.02993012871593237,-0.0018330813909415156,0.012723682331852615,0.034117903884890645,0.5040624979883432,0.4088604253544993,0.0,0.970300018787384
93,190464,2818.5566097788583,69,0.5040624979883432,0.4088604253544993,0.0,0.970300018787384,1018.75,806.473534903657,66.0,2000.0,1.9087496399879456,0.023462724639102817,0.004870121294516139,0.009973913198336959,0.026112868966953313,0.5040624979883432,0.4088604253544993,0.0,0.970300018787384
94,192512,2822.157883687442,69,0.5135468728840351,0.38650904927625646,0.0,0.970300018787384,1011.5625,768.0052871522109,66.0,2000.0,1.8879059106111526,0.04675429221242666,-0.005925596691668034,0.012347075855359435,0.03604713341165795,0.5135468728840351,0.38650904927625646,0.0,0.970300018787384
95,194560,2834.6213827777783,70,0.5595937483012676,0.3659228176194901,0.0,0.970300018787384,923.125,729.6027065293823,66.0,2000.0,1.8926934599876404,0.042982328217476606,0.003954123843868729,0.01166579790879041,0.034798407227064176,0.5595937483012676,0.3659228176194901,0.0,0.970300018787384
96,196608,2828.468569185724,71,0.5458124987781048,0.35587043614559566,0.0,0.970300018787384,953.75,707.0304537288334,66.0,2000.0,1.9028374552726746,0.014192101429216564,0.005055810732301325,0.010937380022369325,0.024698753144502504,0.5458124987781048,0.35587043614559566,0.0,0.970300018787384
97,198656,2819.6501873982015,71,0.49543437361717224,0.3721458647731101,0.0,0.970300018787384,1051.8125,735.9426114472174,66.0,2000.0,1.8752830773591995,0.027499506250023842,0.005626670565106906,0.013156602159142494,0.03256433430381034,0.49543437361717224,0.3721458647731101,0.0,0.970300018787384
98,200704,2830.691584411767,72,0.49543437361717224,0.3721458647731101,0.0,0.970300018787384,1051.8125,735.9426114472174,66.0,2000.0,1.8939405232667923,0.01001926895332872,0.0010944692767225206,0.013456236571073532,0.0215851906377547,0.49543437361717224,0.3721458647731101,0.0,0.970300018787384
99,202752,2850.4380025013697,73,0.49771250039339066,0.37392728031799805,0.0,0.970300018787384,1046.75,739.9132972855671,66.0,2000.0,1.9169629514217377,0.00729203245282406,-0.003082665120018646,0.014066004194319248,0.028182536069668224,0.49771250039339066,0.37392728031799805,0.0,0.970300018787384
100,204800,2851.6918369948585,74,0.49771250039339066,0.37392728031799805,0.0,0.970300018787384,1046.75,739.9132972855671,66.0,2000.0,1.9101505428552628,0.018618606496602297,-0.00710513541707769,0.01677204656880349,0.026118793267130985,0.49771250039339066,0.37392728031799805,0.0,0.970300018787384
101,206848,2844.0017070761883,74,0.49771250039339066,0.37392728031799805,0.0,0.970300018787384,1046.75,739.9132972855671,66.0,2000.0,1.9104684591293335,0.01683762735046912,-0.00010133285832125694,0.013378778123296797,0.026834807946939952,0.49771250039339066,0.37392728031799805,0.0,0.970300018787384
102,208896,2815.027245017708,75,0.484156247228384,0.36316316640420393,0.0,0.9689499735832214,1076.875,715.8734939743194,69.0,2000.0,1.8994785696268082,0.04440745245665312,-0.00922332592017483,0.013873599702492356,0.0372950327843293,0.484156247228384,0.36316316640420393,0.0,0.9689499735832214
103,210944,2836.5702375142077,76,0.5053343717008829,0.36887285964143024,0.0,0.9689499735832214,1029.8125,725.6575654837135,69.0,2000.0,1.9105248898267746,0.027520241914317012,0.004658744044718333,0.0117802107706666,0.021124401470294634,0.5053343717008829,0.36887285964143024,0.0,0.9689499735832214
104,212992,2836.756651650566,77,0.5053343717008829,0.36887285964143024,0.0,0.9689499735832214,1029.8125,725.6575654837135,69.0,2000.0,1.906877562403679,0.02244543470442295,0.005175741374841891,0.01126846147235483,0.025459037697988546,0.5053343717008829,0.36887285964143024,0.0,0.9689499735832214
105,215040,2801.6957048275312,77,0.3572093714028597,0.3756188406025087,0.0,0.9689499735832214,1317.3125,729.852272616692,69.0,2000.0,1.9076654762029648,0.020494291093200445,0.0006621701140829828,0.011987931560724974,0.025680610976628996,0.3572093714028597,0.3756188406025087,0.0,0.9689499735832214
106,217088,2798.891315192426,78,0.38775312155485153,0.3927725639427197,0.0,0.9689499735832214,1249.4375,763.3421553233844,69.0,2000.0,1.9139282405376434,0.0215808980865404,-0.001080982299754396,0.011700904346071184,0.02804585542232558,0.38775312155485153,0.3927725639427197,0.0,0.9689499735832214
107,219136,2818.8017120330933,79,0.3268843702971935,0.3983067000182714,0.0,0.9927999973297119,1370.8125,783.5805015081412,16.0,2000.0,1.891401082277298,0.026931496802717447,0.0007523598251282237,0.014553788234479725,0.031596044902613044,0.3268843702971935,0.3983067000182714,0.0,0.9927999973297119
108,221184,2814.82983978286,79,0.3614499941468239,0.4386122091191436,0.0,0.9927999973297119,1294.0,872.5681921775513,16.0,2000.0,1.8843768686056137,0.046895472798496485,-0.01114954284275882,0.014302968396805227,0.03834879849969605,0.3614499941468239,0.4386122091191436,0.0,0.9927999973297119
109,223232,2835.4269964413306,80,0.45973125100135803,0.4366770399051832,0.0,0.9927999973297119,1103.375,869.0033713254512,16.0,2000.0,1.8490870893001556,0.07361886324360967,-0.023293140809983015,0.019156138179823756,0.04433050668221694,0.45973125100135803,0.4366770399051832,0.0,0.9927999973297119
110,225280,2759.1853923308836,81,0.6225656233727932,0.4044875946691955,0.0,0.9927999973297119,783.1875,814.549585564777,16.0,2000.0,1.8895428329706192,0.05685066897422075,0.0003031858941540122,0.012792965047992766,0.03803864708787312,0.6225656233727932,0.4044875946691955,0.0,0.9927999973297119
111,227328,2793.26937012109,82,0.6841656267642975,0.35614688224889784,0.0,0.9901000261306763,660.1875,712.1791574763685,22.0,2000.0,1.8497698307037354,0.1118863932788372,0.003335045126732439,0.015145476441830397,0.039959322832288535,0.6841656267642975,0.35614688224889784,0.0,0.9901000261306763
112,229376,2849.8469537591395,82,0.6781750023365021,0.35202033899666,0.0,0.9901000261306763,673.5,702.7641852001282,22.0,2000.0,1.9024733155965805,0.05919423699378967,0.005856680912984302,0.010952843120321631,0.026018594086536208,0.6781750023365021,0.35202033899666,0.0,0.9901000261306763
113,231424,2752.0383635146777,83,0.6676562540233135,0.3455762362690138,0.0,0.9901000261306763,696.875,688.204899993454,22.0,2000.0,1.884367972612381,0.0560195823200047,-0.0034186943230452016,0.011871066177263856,0.03573841164328735,0.6676562540233135,0.3455762362690138,0.0,0.9901000261306763
114,233472,2807.256238104202,84,0.6341312490403652,0.35323894464487504,0.0,0.9914500117301941,771.375,711.5320508417032,19.0,2000.0,1.8526892960071564,0.07506385818123817,-0.005192084761802107,0.012875885353423655,0.03975490539678477,0.6341312490403652,0.35323894464487504,0.0,0.9914500117301941
115,235520,2811.4993463787023,85,0.6114625036716461,0.33746890428728044,0.0,0.9914500117301941,821.75,675.7852377049975,19.0,2000.0,1.8933371007442474,0.06597710447385907,-0.0038094125266070478,0.010633011115714908,0.031365642571279245,0.6114625036716461,0.33746890428728044,0.0,0.9914500117301941
116,237568,2824.3171255531956,85,0.6377375032752752,0.29990191434472874,0.0,0.9914500117301941,777.25,608.9516093254044,19.0,2000.0,1.879660651087761,0.09608984645456076,-0.01030811230884865,0.01611290720757097,0.036880455993487674,0.6377375032752752,0.29990191434472874,0.0,0.9914500117301941
117,239616,2808.823169991992,86,0.7283124979585409,0.21390084948409283,0.31779998540878296,0.9927999973297119,603.75,475.33521066716696,16.0,1516.0,1.8760422766208649,0.1121623869985342,-0.010687620262615383,0.01595878496300429,0.03454798732904038,0.7283124979585409,0.21390084948409283,0.31779998540878296,0.9927999973297119
118,241664,2827.580340431415,87,0.7295999992638826,0.27785774616158493,0.0,0.9927999973297119,587.0,582.3361357497919,16.0,2000.0,1.8802276402711868,0.11122092045843601,-0.011149129088153131,0.01540857064537704,0.038972825741081005,0.7295999992638826,0.27785774616158493,0.0,0.9927999973297119
119,243712,2782.926693135449,88,0.7699312530457973,0.26706403926419375,0.0,0.9927999973297119,497.375,554.5991655015359,16.0,2000.0,1.8850465416908264,0.11373281106352806,-0.009253765689209104,0.017506130854599178,0.04478254937518096,0.7699312530457973,0.26706403926419375,0.0,0.9927999973297119
120,245760,2837.1904637966454,88,0.8036250025033951,0.25354029549406915,0.0,0.9927999973297119,422.5,520.3194931962477,16.0,2000.0,1.8671731799840927,0.13001085072755814,0.005264754508971237,0.012410141411237419,0.04045582667552697,0.8036250025033951,0.25354029549406915,0.0,0.9927999973297119
121,247808,2473.525898934821,89,0.7655437551438808,0.26237089239621286,0.0,0.9923499822616577,507.125,543.6734859959606,17.0,2000.0,1.8852628916502,0.11064188182353973,0.011125950870336965,0.012972381780855358,0.04322992446514972,0.7655437551438808,0.26237089239621286,0.0,0.9923499822616577
122,249856,2660.152163101086,90,0.7655437551438808,0.26237089239621286,0.0,0.9923499822616577,507.125,543.6734859959606,17.0,2000.0,1.9108031243085861,0.08046684972941875,0.007498040824430063,0.010410301620140672,0.025983323697951713,0.7655437551438808,0.26237089239621286,0.0,0.9923499822616577
123,251904,2627.3830429425934,91,0.7700156308710575,0.26159159178834523,0.0,0.9923499822616577,497.1875,541.5610790518,17.0,2000.0,1.8984591215848923,0.09026484377682209,0.010337675470509566,0.01199983328115195,0.029567665013388922,0.7700156308710575,0.26159159178834523,0.0,0.9923499822616577
124,253952,2529.553773893275,91,0.7820531316101551,0.25064126273481263,0.0,0.9923499822616577,470.4375,514.6319034938954,17.0,2000.0,1.8378971368074417,0.1554706208407879,-0.005988923570839688,0.013847053400240839,0.04117106406665415,0.7820531316101551,0.25064126273481263,0.0,0.9923499822616577
125,256000,2261.5160729461645,92,0.7148562520742416,0.305605451132706,0.0,0.9923499822616577,605.875,615.1062789266583,17.0,2000.0,1.8744451105594635,0.11373766046017408,-0.0007573801995022222,0.013012391049414873,0.03628780777208082,0.7148562520742416,0.305605451132706,0.0,0.9923499822616577
126,258048,2685.333867694875,93,0.6797000039368868,0.3040112524864758,0.0,0.9883000254631042,684.0,614.7330721540854,26.0,2000.0,1.8868872374296188,0.09566477034240961,0.005540426223888062,0.01133196463342756,0.029154179966014694,0.6797000039368868,0.3040112524864758,0.0,0.9883000254631042
127,260096,2634.391675381591,94,0.6331812534481287,0.3108341897975488,0.0,0.9883000254631042,787.375,635.890013583324,26.0,2000.0,1.8622453212738037,0.08989903517067432,0.01170948579965625,0.00971540657337755,0.025437024206073435,0.6331812534481287,0.3108341897975488,0.0,0.9883000254631042
128,262144,2709.0518000509014,95,0.6960750054568052,0.2652182463305469,0.0,0.9797499775886536,661.5,554.3351874092065,45.0,2000.0,1.8694611936807632,0.10277966503053904,-0.003705715454998426,0.01175230962689966,0.03407923600865622,0.6960750054568052,0.2652182463305469,0.0,0.9797499775886536
129,264192,2780.985101705835,95,0.7094062548130751,0.2732305988627118,0.0,0.9797499775886536,631.875,572.5115582894375,45.0,2000.0,1.8826330602169037,0.07326344959437847,0.0029481139208655804,0.011257922276854515,0.029370877578228722,0.7094062548130751,0.2732305988627118,0.0,0.9797499775886536
130,266240,2825.524845071905,96,0.6882000025361776,0.26680824277937343,0.0,0.9797499775886536,679.0,558.5257379924402,45.0,2000.0,1.8753547668457031,0.10709170997142792,0.005022724981245119,0.009481962071731687,0.0325285693520983,0.6882000025361776,0.26680824277937343,0.0,0.9797499775886536
131,268288,2810.122469275706,97,0.6035437481477857,0.31671421141892614,0.0,0.9797499775886536,867.125,678.9590262858283,45.0,2000.0,1.8478988111019135,0.10730359889566898,0.006372160249156877,0.014220741926692426,0.04374374660068604,0.6035437481477857,0.31671421141892614,0.0,0.9797499775886536
132,270336,2834.5231685260596,98,0.5423093745484948,0.3323839854118274,0.0,0.9725499749183655,989.3125,695.7192967309086,61.0,2000.0,1.889820784330368,0.07176466379314661,0.007294646406080574,0.011568989371880889,0.028110288769451916,0.5423093745484948,0.3323839854118274,0.0,0.9725499749183655
133,272384,2775.4258217374686,98,0.6279281256720424,0.3166774594900341,0.0,0.9725499749183655,812.9375,677.7648438756247,61.0,2000.0,1.8719308078289032,0.07900963630527258,-0.0007201075786724687,0.01012990641174838,0.03609409394862624,0.6279281256720424,0.3166774594900341,0.0,0.9725499749183655
134,274432,2774.729225066171,99,0.6404375014826655,0.3511012536125485,0.0,0.9725499749183655,771.25,731.4956852230914,61.0,2000.0,1.8736516386270523,0.061808083206415176,0.006456745031755418,0.009595521201845258,0.03057292148096713,0.6404375014826655,0.3511012536125485,0.0,0.9725499749183655
135,276480,2813.460757327827,100,0.5906281275674701,0.33944727199367775,0.0,0.9901000261306763,881.9375,708.162275607611,22.0,2000.0,1.8591465502977371,0.08968192804604769,-0.004428653890499845,0.01538036239799112,0.041417153340217144,0.5906281275674701,0.33944727199367775,0.0,0.9901000261306763
136,278528,2683.6350103628465,101,0.5729093812406063,0.3544115479474486,0.0,0.9901000261306763,921.3125,744.953582341712,22.0,2000.0,1.8743398636579514,0.06507416861131787,-0.010341045301174745,0.014949571224860847,0.04162982048282038,0.5729093812406063,0.3544115479474486,0.0,0.9901000261306763
137,280576,2549.0925404793934,101,0.7132937554270029,0.26584632805821257,0.17155000567436218,0.9950500130653381,637.125,590.7696119258336,11.0,1841.0,1.828599601984024,0.11898226849734783,-0.027356744976714253,0.01819268974941224,0.058253163805558485,0.7132937554270029,0.26584632805821257,0.17155000567436218,0.9950500130653381
138,282624,2790.193577893443,102,0.78506875410676,0.20770607338407748,0.34345000982284546,0.9950500130653381,477.625,461.56904616210994,11.0,1459.0,1.826574295759201,0.1333373850211501,-0.019990913686342537,0.016705566667951643,0.05596342360520562,0.78506875410676,0.20770607338407748,0.34345000982284546,0.9950500130653381
139,284672,2810.210725533887,103,0.737931253388524,0.2431137710645436,0.1890999972820282,0.9950500130653381,582.375,540.2528198676986,11.0,1802.0,1.8677833676338196,0.1081147463992238,-0.0043419326830189675,0.014976897509768605,0.045300710528336105,0.737931253388524,0.2431137710645436,0.1890999972820282,0.9950500130653381
140,286720,2759.256296709361,104,0.7373124994337559,0.2440067423694046,0.1890999972820282,0.9950500130653381,583.75,542.2372059348196,11.0,1802.0,1.8722780644893646,0.08900627121329308,0.006776821130188182,0.012249861494638026,0.036390575299674176,0.7373124994337559,0.2440067423694046,0.1890999972820282,0.9950500130653381
141,288768,2836.0354867007413,104,0.770471878349781,0.2185426211908048,0.1890999972820282,0.9955000281333923,510.0625,485.65026880848114,10.0,1802.0,1.83928644657135,0.10596788767725229,-0.009160654997685924,0.013226966257207096,0.04648965505890439,0.770471878349781,0.2185426211908048,0.1890999972820282,0.9955000281333923
142,290816,2827.3160278770874,105,0.8135312534868717,0.2223228798951625,0.1890999972820282,0.9955000281333923,414.375,494.0508418928157,10.0,1802.0,1.853997364640236,0.10969404317438602,-0.013673944835318252,0.01533712272066623,0.054638375201122164,0.8135312534868717,0.2223228798951625,0.1890999972820282,0.9955000281333923
143,292864,2844.466937207666,106,0.8572937548160553,0.1103092138617335,0.6521499752998352,0.9955000281333923,317.125,245.13156543986742,10.0,773.0,1.8226183503866196,0.14253813959658146,-0.03591985465027392,0.017637952114455402,0.06060230482447229,0.8572937548160553,0.1103092138617335,0.6521499752998352,0.9955000281333923
144,294912,2840.6770162015723,107,0.8554375022649765,0.12980398986199754,0.572950005531311,0.9937000274658203,321.25,288.4533107800983,14.0,949.0,1.8174571692943573,0.18021340109407902,-0.04935528011992574,0.025195328518748283,0.06413710958010309,0.8554375022649765,0.12980398986199754,0.572950005531311,0.9937000274658203
145,296960,2808.52286658532,107,0.9214187487959862,0.08927396564092542,0.599049985408783,0.9937000274658203,174.625,198.38657811202853,14.0,891.0,1.7935139685869217,0.23219287395477295,-0.0405609265435487,0.02909863879904151,0.0715506624066676,0.9214187487959862,0.08927396564092542,0.599049985408783,0.9937000274658203
146,299008,2824.1304856851,108,0.9370281249284744,0.03846363040972768,0.8636500239372253,0.9887499809265137,139.9375,85.47475413097133,25.0,303.0,1.7764190286397934,0.26472893729805946,-0.021430021966807544,0.02346369926817715,0.0649003989458571,0.9370281249284744,0.03846363040972768,0.8636500239372253,0.9887499809265137
147,301056,2819.984351101559,109,0.9096625000238419,0.13837111507192026,0.40015000104904175,0.9937000274658203,200.75,307.4913616672833,14.0,1333.0,1.7524342983961105,0.29574981331825256,-0.03787602670490742,0.028956416063010693,0.09248286704241239,0.9096625000238419,0.13837111507192026,0.40015000104904175,0.9937000274658203
148,303104,2829.929680159505,109,0.9197941106908462,0.11496810082660992,0.49059998989105225,0.996399998664856,178.23529411764707,255.48466729906414,8.0,1132.0,1.7427737414836884,0.32451120391488075,-0.030777005245909095,0.026828448520973325,0.08126493776794971,0.9197941106908462,0.11496810082660992,0.49059998989105225,0.996399998664856
149,305152,2813.6155766088827,110,0.9392781257629395,0.06455960992945176,0.746649980545044,0.9950500130653381,134.9375,143.46579241669423,11.0,563.0,1.7671120166778564,0.3357471786439419,-0.007431671809172258,0.025294030318036675,0.07439611059434988,0.9392781257629395,0.06455960992945176,0.746649980545044,0.9950500130653381
150,307200,2778.3513971753105,111,0.9446781203150749,0.06208277186423198,0.746649980545044,0.9945999979972839,122.9375,137.9617106075088,12.0,563.0,1.8238265812397003,0.27815040200948715,0.011305599648039788,0.016719918115995824,0.06789647726427592,0.9446781203150749,0.06208277186423198,0.746649980545044,0.9945999979972839
151,309248,2727.1036135826666,112,0.9382374994456768,0.06765853056936913,0.7871500253677368,0.9945999979972839,137.25,150.3522946283162,12.0,473.0,1.7970279902219772,0.3155844621360302,0.00411303540749941,0.017754131695255637,0.06425465296649535,0.9382374994456768,0.06765853056936913,0.7871500253677368,0.9945999979972839
152,311296,2767.2198223360474,112,0.9224593825638294,0.08302099487023434,0.7516000270843506,0.9945999979972839,172.3125,184.49109692272415,12.0,552.0,1.8345546275377274,0.28719562292099,0.016130571719259024,0.016297577531076968,0.05593899895397833,0.9224593825638294,0.08302099487023434,0.7516000270843506,0.9945999979972839
153,313344,2772.6558507518666,113,0.895571880042553,0.10790567949080242,0.6597999930381775,0.9945999979972839,232.0625,239.79039512405413,12.0,756.0,1.763632133603096,0.34609271213412285,0.008409839967498556,0.02053952543064952,0.0701215627532925,0.895571880042553,0.10790567949080242,0.6597999930381775,0.9945999979972839
154,315392,2807.348901873748,114,0.8938562497496605,0.10961159180605967,0.6597999930381775,0.9783999919891357,235.875,243.58131984000744,48.0,756.0,1.776715338230133,0.3214327208697796,0.008778887917287648,0.021713453228585422,0.06099229663656225,0.8938562497496605,0.10961159180605967,0.6597999930381775,0.9783999919891357
155,317440,2832.8218688917846,115,0.9158500023186207,0.09591771529400306,0.6597999930381775,0.9783999919891357,187.0,213.15047501706394,48.0,756.0,1.838649332523346,0.2671084124594927,0.011401266034226865,0.012817778741009533,0.05294004275526318,0.9158500023186207,0.09591771529400306,0.6597999930381775,0.9783999919891357
156,319488,2819.8380868812187,115,0.9397000074386597,0.054027651429772026,0.7578999996185303,0.996399998664856,134.0,120.06144260336039,8.0,538.0,1.7978579998016357,0.2938774973154068,0.013155854016076773,0.020247708773240447,0.05849486113018003,0.9397000074386597,0.054027651429772026,0.7578999996185303,0.996399998664856
157,321536,2800.032659255922,116,0.9109843820333481,0.11474253031860739,0.5171499848365784,0.996399998664856,197.8125,254.98338640733047,8.0,1073.0,1.8641908913850784,0.24532707035541534,0.02836712566204369,0.01526905212085694,0.04308335431793035,0.9109843820333481,0.11474253031860739,0.5171499848365784,0.996399998664856
158,323584,2823.0093087715413,117,0.8943062536418438,0.1367300345193033,0.5171499848365784,0.996399998664856,234.875,303.84450690279067,8.0,1073.0,1.8246867805719376,0.2383593823760748,0.01845997921191156,0.014780549798160791,0.05437510089611779,0.8943062536418438,0.1367300345193033,0.5171499848365784,0.996399998664856
159,325632,2810.105921844438,118,0.8730437494814396,0.14270667819008848,0.5171499848365784,0.996399998664856,282.125,317.1259361436715,8.0,1073.0,1.831281915307045,0.22811860032379627,0.01629991247318685,0.012436948250979185,0.045120534691694594,0.8730437494814396,0.14270667819008848,0.5171499848365784,0.996399998664856
160,327680,2840.070288803293,118,0.8388718757778406,0.17996544033847675,0.41725000739097595,0.9932500123977661,358.0625,399.923190867634,15.0,1295.0,1.8097583651542664,0.2011965624988079,0.01002814614912495,0.017033136682584882,0.04917621327865258,0.8388718757778406,0.17996544033847675,0.41725000739097595,0.9932500123977661
161,329728,2811.7579486776617,119,0.8362281229346991,0.17857613042478798,0.41725000739097595,0.9932500123977661,363.9375,396.8358396034184,15.0,1295.0,1.80101278424263,0.22393460012972355,0.002437498333165422,0.015373467467725277,0.05980956651251948,0.8362281229346991,0.17857613042478798,0.41725000739097595,0.9932500123977661
162,331776,2775.6661704465882,120,0.8676437493413687,0.15530973670026643,0.41725000739097595,0.9932500123977661,294.125,345.13274167340313,15.0,1295.0,1.8031441867351532,0.18945488147437572,0.01150859531480819,0.014452760457061231,0.05603321635214724,0.8676437493413687,0.15530973670026643,0.41725000739097595,0.9932500123977661
163,333824,2823.7136528745227,120,0.8028437504544854,0.26856711881075185,0.13689999282360077,0.9927999973297119,438.125,596.8158085833518,16.0,1918.0,1.7874134629964828,0.23594783060252666,0.0014412565651582554,0.016108971554785967,0.060053690094807086,0.8028437504544854,0.26856711881075185,0.13689999282360077,0.9927999973297119
164,335872,2849.9613616615234,121,0.7647062549367547,0.27712506209226573,0.13689999282360077,0.9927999973297119,522.875,615.8334672417536,16.0,1918.0,1.7672176510095596,0.25062990188598633,-0.013127398313372396,0.017540181055665016,0.0720541019345141,0.7647062549367547,0.27712506209226573,0.13689999282360077,0.9927999973297119
165,337920,2830.809123908985,122,0.8514093793928623,0.2472794870368668,0.0,0.9927999973297119,316.3125,502.2933304790638,16.0,2000.0,1.7789468616247177,0.2219378873705864,-0.020390273188240826,0.01982413965743035,0.07048281547821131,0.8514093793928623,0.2472794870368668,0.0,0.9927999973297119
166,339968,2833.8096826636825,123,0.8359687551856041,0.27457776229198955,0.0,0.9945999979972839,350.625,568.8597009588568,12.0,2000.0,1.7567264884710312,0.2370433509349823,-0.01337737962603569,0.020037561655044556,0.07746194771515053,0.8359687551856041,0.27457776229198955,0.0,0.9945999979972839
167,342016,2839.990475544983,123,0.9035875014960766,0.17043950138096944,0.26695001125335693,0.9950500130653381,214.25,378.7544554193389,11.0,1629.0,1.7175617665052414,0.2828222122043371,-0.025024654110893607,0.0226119157159701,0.09241195923570006,0.9035875014960766,0.17043950138096944,0.26695001125335693,0.9950500130653381
168,344064,2812.0635472274776,124,0.8664843775331974,0.24816789115272064,0.0,0.9959499835968018,282.8125,503.5291971114982,9.0,2000.0,1.798725426197052,0.21848774515092373,-0.008913316152757034,0.018012894899584353,0.05636289672054244,0.8664843775331974,0.24816789115272064,0.0,0.9959499835968018
169,346112,2827.230416096444,125,0.8685093745589256,0.24794301092979537,0.0,0.9959499835968018,278.3125,502.8575492559995,9.0,2000.0,1.8136135786771774,0.2207721434533596,-0.00777291166014038,0.014937298721633852,0.04839141144879925,0.8685093745589256,0.24794301092979537,0.0,0.9959499835968018
170,348160,2810.267727313622,126,0.9131499975919724,0.11526831621047362,0.5792499780654907,0.9851499795913696,193.0,256.1518104562214,33.0,935.0,1.8339165151119232,0.20061266422271729,-0.00247103936271742,0.01638087339233607,0.06095828676170251,0.9131499975919724,0.11526831621047362,0.5792499780654907,0.9851499795913696
171,350208,2806.6600334449254,126,0.9098874963819981,0.11410223535521187,0.5792499780654907,0.9851499795913696,200.25,253.56052038911736,33.0,935.0,1.8356674015522003,0.19738762453198433,0.006788933867937885,0.01774405245669186,0.06549670487174392,0.9098874963819981,0.11410223535521187,0.5792499780654907,0.9851499795913696
172,352256,2797.348195322173,127,0.8965281210839748,0.10988128101066293,0.6796000003814697,0.9923499822616577,229.9375,244.18063722119737,17.0,712.0,1.796282559633255,0.24732687883079052,-0.01096797687932849,0.01673852128442377,0.05899263460881335,0.8965281210839748,0.10988128101066293,0.6796000003814697,0.9923499822616577
173,354304,2840.2440155206136,128,0.867299996316433,0.24753881573687203,0.0,0.9923499822616577,281.0,501.9475819246468,17.0,2000.0,1.7942219823598862,0.2582953069359064,-0.013310691283550113,0.019909725291654468,0.07239967910348702,0.867299996316433,0.24753881573687203,0.0,0.9923499822616577
174,356352,2774.0535825931497,129,0.9577562436461449,0.056791858581762576,0.7421500086784363,0.9923499822616577,93.875,126.20413770950618,17.0,573.0,1.8085230886936188,0.23924193158745766,-0.003500294391415082,0.01793643063865602,0.06298174334706397,0.9577562436461449,0.056791858581762576,0.7421500086784363,0.9923499822616577
175,358400,2795.068080112012,129,0.9316281229257584,0.07779412205352033,0.7088500261306763,0.9923499822616577,151.9375,172.87584734065658,17.0,647.0,1.8012013137340546,0.21980689838528633,0.011338126118062064,0.01686597033403814,0.05860061896367958,0.9316281229257584,0.07779412205352033,0.7088500261306763,0.9923499822616577
176,360448,2697.7539667335195,130,0.927156250923872,0.07527331682133981,0.7088500261306763,0.984250009059906,161.875,167.2740546976727,35.0,647.0,1.8052774220705032,0.24802203848958015,-0.002133054440491833,0.01898358901962638,0.06214032134775413,0.927156250923872,0.07527331682133981,0.7088500261306763,0.984250009059906
177,362496,2783.569682126236,131,0.8963031200692058,0.18491632859548485,0.21879999339580536,0.9927999973297119,230.4375,410.925170917711,16.0,1736.0,1.798337996006012,0.27247537672519684,-0.005949924496235326,0.02233736007474363,0.07628642933725571,0.8963031200692058,0.18491632859548485,0.21879999339580536,0.9927999973297119
178,364544,2805.0185697561838,131,0.845481245778501,0.23922859501823748,0.21879999339580536,0.9955000281333923,343.375,531.619092372537,10.0,1736.0,1.8172300159931183,0.2591327019035816,-0.0001765114429872483,0.018952590180560946,0.06494902014861027,0.845481245778501,0.23922859501823748,0.21879999339580536,0.9955000281333923
179,366592,2811.3981271167468,132,0.8507968811318278,0.22551685434559768,0.21879999339580536,0.9955000281333923,331.5625,501.14855192223195,10.0,1736.0,1.7584067732095718,0.31837306544184685,0.011686243757139891,0.0200221297563985,0.08298259979711974,0.8507968811318278,0.22551685434559768,0.21879999339580536,0.9955000281333923
180,368640,2825.1122462806243,133,0.8768125055357814,0.1978219387779192,0.21879999339580536,0.9896500110626221,273.75,439.604296498567,23.0,1736.0,1.80135577917099,0.2767764776945114,-0.005573876318521798,0.018074430408887565,0.06589016508094517,0.8768125055357814,0.1978219387779192,0.21879999339580536,0.9896500110626221
181,370688,2832.4930619878846,134,0.9396156258881092,0.08764872485625352,0.6242499947547913,0.9945999979972839,134.1875,194.774940235519,12.0,835.0,1.8052503913640976,0.2386583760380745,0.006273328443057835,0.020319138653576374,0.0613908350261922,0.9396156258881092,0.08764872485625352,0.6242499947547913,0.9945999979972839
182,372736,2812.3360646049914,134,0.956490620970726,0.038246595887236695,0.8429499864578247,0.9945999979972839,96.6875,84.99243992114828,12.0,349.0,1.8046326786279678,0.24833894707262516,0.0022810148366261274,0.021564180497080088,0.07363427905407531,0.956490620970726,0.038246595887236695,0.8429499864578247,0.9945999979972839
183,374784,2841.942021294546,135,0.9609906263649464,0.03832428428312604,0.8429499864578247,0.9945999979972839,86.6875,85.16507408409858,12.0,349.0,1.8617393225431442,0.17997113056480885,0.015119889052584767,0.012755603762343526,0.04589784280890222,0.9609906263649464,0.03832428428312604,0.8429499864578247,0.9945999979972839
184,376832,2834.751410208813,136,0.8921343758702278,0.24037157967855718,0.0,0.9923499822616577,225.8125,482.8554673437487,17.0,2000.0,1.8286893963813782,0.18780377693474293,0.003908563070581295,0.013479702989570796,0.05732942876192851,0.8921343758702278,0.24037157967855718,0.0,0.9923499822616577
185,378880,2832.2343670353107,137,0.8244937472045422,0.27349424007334855,0.0,0.9909999966621399,376.125,566.9013224318674,20.0,2000.0,1.7979096323251724,0.23318417742848396,0.0036456637462833896,0.01930227770935744,0.06727798712936886,0.8244937472045422,0.27349424007334855,0.0,0.9909999966621399
186,380928,2821.0030670021247,137,0.9138531237840652,0.15175111684078132,0.3893499970436096,0.9909999966621399,191.4375,337.2246967435066,20.0,1357.0,1.7868572026491165,0.260630102828145,-0.007320815493585542,0.021550639998167753,0.07464450452427752,0.9138531237840652,0.15175111684078132,0.3893499970436096,0.9909999966621399
187,382976,2829.260438206044,138,0.8962468672543764,0.20536565359994832,0.29980000853538513,0.9959499835968018,230.5625,456.36813111100344,9.0,1556.0,1.7802756577730179,0.2520922143012285,-0.003843492013402283,0.021624875371344388,0.06842599896488805,0.8962468672543764,0.20536565359994832,0.29980000853538513,0.9959499835968018
188,385024,2799.6384208485024,139,0.9800312407314777,0.014877994650701522,0.9351999759674072,0.9959499835968018,44.375,33.06220463006059,9.0,144.0,1.822593480348587,0.19460195489227772,0.0022144246322568506,0.018304284196346998,0.06391090067898178,0.9800312407314777,0.014877994650701522,0.9351999759674072,0.9959499835968018
189,387072,2806.5793359693816,139,0.9275218732655048,0.13621426538637546,0.5464000105857849,0.9959499835968018,161.0625,302.6983789083615,9.0,1008.0,1.7957502156496048,0.20846052840352058,-0.0032503164547961205,0.019184822449460626,0.06418490428749066,0.9275218732655048,0.13621426538637546,0.5464000105857849,0.9959499835968018
190,389120,2805.9027601931157,140,0.9068500008434057,0.17764658288012988,0.3384999930858612,0.9923499822616577,207.0,394.7701863109726,17.0,1470.0,1.7666710168123245,0.2572619952261448,-0.006344304274534807,0.021077835699543357,0.08623942001077127,0.9068500008434057,0.17764658288012988,0.3384999930858612,0.9923499822616577
191,391168,2791.922083004248,141,0.8766999989748001,0.22253559024495162,0.15489999949932098,0.9945999979972839,274.0,494.5235377732436,12.0,1878.0,1.6717391163110733,0.3409098871052265,-0.015176663699094206,0.02380139473825693,0.08316688103026858,0.8766999989748001,0.22253559024495162,0.15489999949932098,0.9945999979972839
192,393216,2734.9067472478,142,0.964640383536999,0.06405462266223387,0.6998500227928162,0.9959499835968018,78.57692307692308,142.3436181263557,9.0,667.0,1.561463013291359,0.43326175957918167,-0.034775000996887684,0.029909240547567606,0.09646359964326798,0.964640383536999,0.06405462266223387,0.6998500227928162,0.9959499835968018
193,395264,2797.1368666748726,142,0.9440000035144664,0.1351387250741336,0.3857499957084656,0.9950500130653381,124.44444444444444,300.30827782196593,11.0,1365.0,1.5300768613815308,0.44802654534578323,-0.01600844442145899,0.03264456847682595,0.1080007812751407,0.9440000035144664,0.1351387250741336,0.3857499957084656,0.9950500130653381
194,397312,2790.2669912799433,143,0.9717571423167274,0.04643966306566042,0.7705000042915344,0.9923499822616577,62.76190476190476,103.19925468626434,17.0,510.0,1.6162966638803482,0.35914092883467674,-0.006693860661471263,0.024702016031369567,0.09035605404022572,0.9717571423167274,0.04643966306566042,0.7705000042915344,0.9923499822616577
195,399360,2786.3181305382145,144,0.880269447962443,0.25448251092099045,0.0,0.9919000267982483,253.72222222222223,523.5456899891095,18.0,2000.0,1.6625770330429077,0.30407899618148804,-0.007350525418587495,0.021905029425397515,0.06769962477623967,0.880269447962443,0.25448251092099045,0.0,0.9919000267982483
196,401408,2799.2643620626727,145,0.9324718713760376,0.14748697768645633,0.47304999828338623,0.9950500130653381,150.0625,327.74884987403084,11.0,1171.0,1.7411251962184906,0.2483921144157648,0.0067954925034428015,0.01977469027042389,0.05978208555493027,0.9324718713760376,0.14748697768645633,0.47304999828338623,0.9950500130653381
197,403456,2817.195911722379,145,0.9621718712151051,0.07303103909699607,0.6976000070571899,0.996399998664856,84.0625,162.29119998863155,8.0,672.0,1.7611504346132278,0.24144277721643448,0.018936257096356712,0.018182564759626985,0.06779889985448762,0.9621718712151051,0.07303103909699607,0.6976000070571899,0.996399998664856
198,405504,2785.103051867184,146,0.9299125000834465,0.11049521397682606,0.6283000111579895,0.996399998664856,155.75,245.5449296971941,8.0,826.0,1.768522948026657,0.22884092666208744,0.010348399169743061,0.014723334927111864,0.058546769038194696,0.9299125000834465,0.11049521397682606,0.6283000111579895,0.996399998664856
199,407552,2731.8546833059827,147,0.9296031296253204,0.11781150232269018,0.6283000111579895,0.9968500137329102,156.4375,261.8033538626845,7.0,826.0,1.7473309934139252,0.2609793674200773,-0.003770018789509777,0.018741709645837545,0.06843409874094825,0.9296031296253204,0.11781150232269018,0.6283000111579895,0.9968500137329102
200,409600,2739.3189956476704,148,0.8871062435209751,0.15041194040177117,0.5783500075340271,0.9950500130653381,250.875,334.2487612168518,11.0,937.0,1.698971226811409,0.35174020752310753,-0.0003743884735740721,0.023676773766055703,0.07953369135466896,0.8871062435209751,0.15041194040177117,0.5783500075340271,0.9950500130653381
201,411648,2738.1105146794443,148,0.9476031251251698,0.07556465559017837,0.7498000264167786,0.9955000281333923,116.4375,167.9214729977974,10.0,556.0,1.6845669150352478,0.3424381799995899,-0.007309258835448418,0.02288083080202341,0.0802277137330614,0.9476031251251698,0.07556465559017837,0.7498000264167786,0.9955000281333923
202,413696,2797.4474943765667,149,0.9587421103527671,0.08396089602014009,0.6327999830245972,0.9959499835968018,91.6842105263158,186.57975651223848,9.0,816.0,1.6887055337429047,0.3661842532455921,0.001742630425724201,0.02312660776078701,0.0764723386323346,0.9587421103527671,0.08396089602014009,0.6327999830245972,0.9959499835968018
203,415744,2815.6187039795254,150,0.9370281286537647,0.1410573687329995,0.4375,0.9959499835968018,139.9375,313.4608166800916,9.0,1250.0,1.7199563682079315,0.3433343730866909,0.01683097967179492,0.023002977948635817,0.10073177628479758,0.9370281286537647,0.1410573687329995,0.4375,0.9959499835968018
204,417792,2801.970786214851,151,0.9187187515199184,0.12415463583736537,0.5351499915122986,0.9950500130653381,180.625,275.89918335326763,11.0,1033.0,1.7402577251195908,0.30045609548687935,0.0030563651234842837,0.021689724060706794,0.07589941606494519,0.9187187515199184,0.12415463583736537,0.5351499915122986,0.9950500130653381
205,419840,2810.0489266283766,151,0.9472656212747097,0.0698599111976461,0.7839999794960022,0.9959499835968018,117.1875,155.24425059804952,9.0,480.0,1.8041139394044876,0.2737904340028763,0.003632303618360311,0.021176005946472287,0.06522807153462723,0.9472656212747097,0.0698599111976461,0.7839999794960022,0.9959499835968018
206,421888,2811.0089609364954,152,0.9259187467396259,0.1635766909546367,0.3236500024795532,0.996399998664856,164.625,363.50376115660754,8.0,1503.0,1.7977109253406525,0.2455857191234827,0.0142712447559461,0.016677928739227355,0.06398507771099765,0.9259187467396259,0.1635766909546367,0.3236500024795532,0.996399998664856
207,423936,2800.687230627427,153,0.8872468695044518,0.17544323503277748,0.3236500024795532,0.996399998664856,250.5625,389.87385279568315,8.0,1503.0,1.8019748330116272,0.2632664032280445,0.01442915911320597,0.017168015241622925,0.05784236271648292,0.8872468695044518,0.17544323503277748,0.3236500024795532,0.996399998664856
208,425984,2814.370564670567,154,0.9318531230092049,0.0811995913868732,0.7236999869346619,0.9959499835968018,151.4375,180.4435399058387,9.0,614.0,1.7033399492502213,0.37932591512799263,-0.01966326159890741,0.023987125838175416,0.0807589279814305,0.9318531230092049,0.0811995913868732,0.7236999869346619,0.9959499835968018
209,428032,2746.1102896161397,154,0.9100642864193235,0.13416376722288315,0.539650022983551,0.996399998664856,199.85714285714286,298.14171058715806,8.0,1023.0,1.5925456136465073,0.47447096556425095,-0.025979493046179414,0.03156038001179695,0.09744787806679395,0.9100642864193235,0.13416376722288315,0.539650022983551,0.996399998664856
210,430080,2797.1496183603826,155,0.9619500074121687,0.05562396007989952,0.7367500066757202,0.9873999953269958,84.55555555555556,123.60880147654994,28.0,585.0,1.6771638095378876,0.39934928342700005,0.0015405385056510568,0.02500142646022141,0.09494127665134075,0.9619500074121687,0.05562396007989952,0.7367500066757202,0.9873999953269958
211,432128,2803.5748272965175,156,0.9705531299114227,0.029291923500749117,0.8740000128746033,0.9955000281333923,65.4375,65.09317240502263,10.0,280.0,1.7047940492630005,0.33749014139175415,0.004066700901603326,0.02343589044176042,0.07878969228063173,0.9705531299114227,0.029291923500749117,0.8740000128746033,0.9955000281333923
212,434176,2820.8668869083194,156,0.9526937566697598,0.05362389875014409,0.7880499958992004,0.9955000281333923,105.125,119.16421180455146,10.0,471.0,1.7407028526067734,0.3459170572459698,0.01564369717380032,0.0195593920070678,0.07263166406786681,0.9526937566697598,0.05362389875014409,0.7880499958992004,0.9955000281333923
213,436224,2750.8142318412856,157,0.9479406215250492,0.07854284486227135,0.7146999835968018,0.9923499822616577,115.6875,174.53965120782726,17.0,634.0,1.702503576874733,0.3727365806698799,-0.0006287734722718596,0.027394569711759686,0.08750050862940836,0.9479406215250492,0.07854284486227135,0.7146999835968018,0.9923499822616577
214,438272,2772.4688173958734,158,0.9377312548458576,0.09259493391699601,0.6940000057220459,0.9923499822616577,138.375,205.76651665176237,17.0,680.0,1.7015464007854462,0.3459889031946659,0.0035240175056969747,0.022149533964693546,0.08023152824125948,0.9377312548458576,0.09259493391699601,0.6940000057220459,0.9923499822616577
215,440320,2791.663487265985,159,0.9265068119222467,0.15072883478319773,0.34119999408721924,0.9950500130653381,163.3181818181818,334.952966354116,11.0,1464.0,1.6287624686956406,0.4279165342450142,-0.008227557540521957,0.027126669883728027,0.11072959004182521,0.9265068119222467,0.15072883478319773,0.34119999408721924,0.9950500130653381
216,442368,2781.679438634033,159,0.9782875056068102,0.0259766229626055,0.8596000075340271,0.9959499835968018,48.25,57.725824665684364,9.0,312.0,1.5908072143793106,0.5070781111717224,-0.0035972146142739803,0.03031077701598406,0.0985547143218289,0.9782875056068102,0.0259766229626055,0.8596000075340271,0.9959499835968018
217,444416,2756.7484985394576,160,0.9460937554637591,0.08678469298384958,0.6332499980926514,0.996399998664856,119.79166666666667,192.85486321036578,8.0,815.0,1.6014278680086136,0.4940386787056923,0.0054889600578462705,0.03252496779896319,0.09920291899045934,0.9460937554637591,0.08678469298384958,0.6332499980926514,0.996399998664856
218,446464,2726.5695247194453,161,0.9284274995326995,0.1155276698149328,0.5212000012397766,0.996399998664856,159.05,256.7281587594162,8.0,1064.0,1.6851315796375275,0.4501058757305145,0.008483505574986339,0.02808052860200405,0.09309766009818236,0.9284274995326995,0.1155276698149328,0.5212000012397766,0.996399998664856
219,448512,2755.658957820453,162,0.9758557700193845,0.026117288505562608,0.8928999900817871,0.996399998664856,53.65384615384615,58.03841056224504,8.0,238.0,1.6258425563573837,0.4890001639723778,-0.0004993124166503549,0.03084966167807579,0.08525859982117096,0.9758557700193845,0.026117288505562608,0.8928999900817871,0.996399998664856
220,450560,2771.0351369285663,162,0.9686499966515435,0.03624851810292074,0.8514999747276306,0.9950500130653381,69.66666666666667,80.5522604690065,11.0,330.0,1.6895901411771774,0.40427160635590553,0.008618750842288136,0.027105881134048104,0.08181834972430789,0.9686499966515435,0.03624851810292074,0.8514999747276306,0.9950500130653381
221,452608,2828.502098178418,163,0.9520750045776367,0.06841683695222187,0.7516000270843506,0.9937000274658203,106.5,152.03741315873538,14.0,552.0,1.8020649701356888,0.31048453226685524,0.013817897241096944,0.02195936953648925,0.06157856091613102,0.9520750045776367,0.06841683695222187,0.7516000270843506,0.9937000274658203
222,454656,2809.23469912017,164,0.9612156301736832,0.07121974139984466,0.7290999889373779,0.9932500123977661,86.1875,158.26608083777774,15.0,602.0,1.7328916043043137,0.34479429945349693,0.007166759285610169,0.02376496233046055,0.07449953449027523,0.9612156301736832,0.07121974139984466,0.7290999889373779,0.9932500123977661
223,456704,2813.446013522985,165,0.9376982758785116,0.1359116395230846,0.3610000014305115,0.9950500130653381,138.44827586206895,302.0258708040726,11.0,1420.0,1.6535978615283966,0.43587833270430565,0.0030183408816810697,0.030693356413394213,0.11012660959029971,0.9376982758785116,0.1359116395230846,0.3610000014305115,0.9950500130653381
224,458752,2846.121903079368,165,0.9852625094354153,0.004994539037602831,0.9739000201225281,0.9945999979972839,32.75,11.098986440211556,12.0,58.0,1.7323068678379059,0.3809727318584919,0.02641423582099378,0.021223572082817554,0.07371988403954348,0.9852625094354153,0.004994539037602831,0.9739000201225281,0.9945999979972839
225,460800,2875.616292783487,166,0.9837437570095062,0.0051452607875603065,0.9739000201225281,0.9927999973297119,36.125,11.433913372069949,16.0,58.0,1.8569785952568054,0.24047887697815895,0.027968863723799586,0.013243543566204607,0.05589737565554416,0.9837437570095062,0.0051452607875603065,0.9739000201225281,0.9927999973297119
226,462848,2874.5875795453635,167,0.9239781275391579,0.11782842289763365,0.6314499974250793,0.9937000274658203,168.9375,261.8409509487582,14.0,819.0,1.8094473481178284,0.2595015335828066,0.015648631437215954,0.0147146035451442,0.05273675422855682,0.9239781275391579,0.11782842289763365,0.6314499974250793,0.9937000274658203
227,464896,2844.61482562279,167,0.9048531241714954,0.1280603799186451,0.6314499974250793,0.9937000274658203,211.4375,284.57862901797455,14.0,819.0,1.8149271309375763,0.2491638157516718,0.004251066493452527,0.021695100469514728,0.05260340877015987,0.9048531241714954,0.1280603799186451,0.6314499974250793,0.9937000274658203
228,466944,2854.8886574974968,168,0.9651531204581261,0.06978972622006141,0.6966999769210815,0.9932500123977661,77.4375,155.08826871736625,15.0,674.0,1.822408601641655,0.23178036138415337,0.011617755284532905,0.020886585116386414,0.05881025173129385,0.9651531204581261,0.06978972622006141,0.6966999769210815,0.9932500123977661
229,468992,2850.8627632670673,169,0.9846999980509281,0.009086772228922142,0.9693999886512756,0.9959499835968018,34.0,20.19282050630867,9.0,68.0,1.843620926141739,0.2087507452815771,0.014794330345466733,0.01519865880254656,0.04913062967348967,0.9846999980509281,0.009086772228922142,0.9693999886512756,0.9959499835968018
230,471040,2860.419646404152,170,0.9070187490433455,0.16697887800664757,0.45774999260902405,0.996399998664856,206.625,371.0641580306565,8.0,1205.0,1.8026882708072662,0.2357767205685377,-0.005359048256650567,0.020110111800022423,0.05330136069934385,0.9070187490433455,0.16697887800664757,0.45774999260902405,0.996399998664856
231,473088,2826.515016016492,170,0.8556906264275312,0.19354001343594315,0.45774999260902405,0.996399998664856,320.6875,430.0889034185258,8.0,1205.0,1.8292637318372726,0.2473134696483612,-0.0015439897833857685,0.018643784685991704,0.06329737394188946,0.8556906264275312,0.19354001343594315,0.45774999260902405,0.996399998664856
232,475136,2807.917863037288,171,0.8811437450349331,0.1628692997632329,0.5549499988555908,0.9950500130653381,264.125,361.9317744755218,11.0,989.0,1.7453731000423431,0.3160123638808727,-0.001627675286727026,0.026133125880733132,0.08491008089484364,0.8811437450349331,0.1628692997632329,0.5549499988555908,0.9950500130653381
233,477184,2821.018816568669,172,0.9598705908831429,0.07122657874529863,0.7156000137329102,0.9968500137329102,89.17647058823529,158.28129661501856,7.0,632.0,1.7104652225971222,0.3233376331627369,-0.003146055169054307,0.02271156874485314,0.06880926903321666,0.9598705908831429,0.07122657874529863,0.7156000137329102,0.9968500137329102
234,479232,2834.6101579473966,173,0.9654343798756599,0.0531376991157036,0.8213499784469604,0.9959499835968018,76.8125,118.08377256740233,9.0,397.0,1.7796318382024765,0.26779839769005775,0.008462184632662684,0.021870996104553342,0.0670649058364524,0.9654343798756599,0.0531376991157036,0.8213499784469604,0.9959499835968018
235,481280,2818.1802527064087,173,0.7951031299307942,0.3357332280471,0.0,0.9959499835968018,441.4375,714.4503104441554,9.0,2000.0,1.7823748737573624,0.24561403691768646,0.014872054714942351,0.020512205082923174,0.06903324279278876,0.7951031299307942,0.3357332280471,0.0,0.9959499835968018
236,483328,2830.9695904093005,174,0.8302875105291605,0.30242711592330074,0.0,0.9968500137329102,363.25,635.063923947818,7.0,2000.0,1.7860084176063538,0.24619621224701405,-0.0018974677077494562,0.019845223519951105,0.07342898593896453,0.8302875105291605,0.30242711592330074,0.0,0.9968500137329102
237,485376,2790.0114206203225,175,0.8602687548846006,0.26231467417987075,0.0,0.9968500137329102,296.625,538.1337978374895,7.0,2000.0,1.8059158772230148,0.2262444868683815,0.0030166935175657272,0.014262438868172467,0.06262129922961171,0.8602687548846006,0.26231467417987075,0.0,0.9968500137329102
238,487424,2803.83929537252,176,0.9055000028262535,0.16243462745038795,0.22509999573230743,0.9950500130653381,210.0,360.9658340249577,11.0,1722.0,1.6242042630910873,0.42223189026117325,-0.028675317531451583,0.03348285472020507,0.1029821658688937,0.9055000028262535,0.16243462745038795,0.22509999573230743,0.9950500130653381
239,489472,2775.650923209853,176,0.9628000024593237,0.06834684175603349,0.6557499766349792,0.996399998664856,82.66666666666667,151.88186531018445,8.0,765.0,1.597688689827919,0.4594510942697525,-0.03209030348807573,0.03211451158858836,0.07758395446671551,0.9628000024593237,0.06834684175603349,0.6557499766349792,0.996399998664856
240,491520,2783.477679514615,177,0.9720324963331223,0.04224138352911193,0.8037999868392944,0.9950500130653381,62.15,93.86973686977076,11.0,436.0,1.6981835961341858,0.365254458039999,-0.007056530739646405,0.02693195198662579,0.07719996593208006,0.9720324963331223,0.04224138352911193,0.8037999868392944,0.9950500130653381
241,493568,2769.540430761929,178,0.9532000009830182,0.0801934839492383,0.6499000191688538,0.9955000281333923,104.0,178.20774393948204,10.0,778.0,1.6640277802944183,0.42397813871502876,-0.003670559353849967,0.0260183890350163,0.07154563629492863,0.9532000009830182,0.0801934839492383,0.6499000191688538,0.9955000281333923
242,495616,2782.3488878293497,178,0.9784500047012612,0.03415442952030318,0.8078500032424927,0.996399998664856,47.888888888888886,75.89873045019011,8.0,427.0,1.612037792801857,0.4722794033586979,-0.005198434635531157,0.03312836238183081,0.09109598789941767,0.9784500047012612,0.03415442952030318,0.8078500032424927,0.996399998664856
243,497664,2791.0539353347845,179,0.9577300012111664,0.07197083759919029,0.7268499732017517,0.9945999979972839,93.93333333333334,159.93518131487588,12.0,607.0,1.6000536382198334,0.48985251411795616,0.004343720473116264,0.03717721696011722,0.0986924515637404,0.9577300012111664,0.07197083759919029,0.7268499732017517,0.9945999979972839
244,499712,2750.0524537281744,180,0.9707673100324777,0.046394759672553985,0.7610499858856201,0.9955000281333923,64.96153846153847,103.09945936187084,10.0,531.0,1.5401411950588226,0.4852583780884743,0.00152020130190067,0.036083401180803776,0.0951375582616166,0.9707673100324777,0.046394759672553985,0.7610499858856201,0.9955000281333923
245,501760,2772.673750003631,181,0.9784449994564056,0.01761999275880744,0.9172000288963318,0.996399998664856,47.9,39.155544520114475,8.0,184.0,1.553646981716156,0.5412802174687386,-0.01856781099922955,0.03980707796290517,0.11691200797882019,0.9784449994564056,0.01761999275880744,0.9172000288963318,0.996399998664856
246,503808,2781.9433956031357,181,0.9770333369572958,0.033639145253803564,0.8083000183105469,0.9968500137329102,51.03703703703704,74.75366037438566,7.0,426.0,1.5604735910892487,0.48349783197045326,0.008840509981382638,0.03388924687169492,0.08932260857623861,0.9770333369572958,0.033639145253803564,0.8083000183105469,0.9968500137329102
247,505856,2776.4933597991085,182,0.9589833352300856,0.08152456976227755,0.6584500074386597,0.9955000281333923,91.14814814814815,181.16571168177282,10.0,759.0,1.5453436970710754,0.4920641593635082,0.005883977690245956,0.0317977168597281,0.10066064645249787,0.9589833352300856,0.08152456976227755,0.6584500074386597,0.9955000281333923
248,507904,2796.580459925413,183,0.9859749972820282,0.0051972343321963045,0.9752500057220459,0.9945999979972839,31.166666666666668,11.549410759380276,12.0,55.0,1.598269909620285,0.4099241644144058,0.0029344464346650057,0.03285912238061428,0.0837203060302219,0.9859749972820282,0.0051972343321963045,0.9752500057220459,0.9945999979972839
249,509952,2825.7005149130027,184,0.9600210566269723,0.09686744078709013,0.550000011920929,0.9932500123977661,88.84210526315789,215.2609831314671,15.0,1000.0,1.6701736748218536,0.36343860998749733,0.00597937245038338,0.024832055205479264,0.07046188895991189,0.9600210566269723,0.09686744078709013,0.550000011920929,0.9932500123977661
250,512000,2840.573685174738,184,0.9794125035405159,0.017613708809109795,0.9162999987602234,0.9937000274658203,45.75,39.14156997362267,14.0,186.0,1.7082100361585617,0.30270102247595787,0.005774857592768967,0.018255668925121427,0.07895698618928089,0.9794125035405159,0.017613708809109795,0.9162999987602234,0.9937000274658203
251,514048,2801.0936387624747,185,0.9497124999761581,0.06951289171782382,0.7651000022888184,0.9923499822616577,111.75,154.47309636308842,17.0,522.0,1.6962389796972275,0.3178415447473526,0.0013851468393113464,0.019693689071573317,0.07181108921935178,0.9497124999761581,0.06951289171782382,0.7651000022888184,0.9923499822616577
252,516096,2804.662302374284,186,0.9171437527984381,0.1845018481582476,0.306549996137619,0.9919000267982483,184.125,410.0040967783127,18.0,1541.0,1.7163904011249542,0.3117857649922371,0.001009079976938665,0.020746696274727583,0.06739267687345588,0.9171437527984381,0.1845018481582476,0.306549996137619,0.9919000267982483
253,518144,2807.963757051426,187,0.9546500036010036,0.10990393508484216,0.4316500127315521,0.9968500137329102,100.77777777777777,244.23096738967968,7.0,1263.0,1.5728409141302109,0.4333208501338959,-0.013489319375366904,0.03009187919087708,0.07950053383103442,0.9546500036010036,0.10990393508484216,0.4316500127315521,0.9968500137329102
254,520192,2772.21649658876,187,0.9624769213872079,0.08921808738115147,0.5630499720573425,0.996399998664856,83.38461538461539,198.2624025783359,8.0,971.0,1.5010743737220764,0.5160691142082214,-0.007771782315103337,0.037648637080565095,0.09149558831086804,0.9624769213872079,0.08921808738115147,0.5630499720573425,0.996399998664856
255,522240,2786.8686524852146,188,0.9703947321364754,0.06531947740269982,0.6422500014305115,0.996399998664856,65.78947368421052,145.15439291986144,8.0,795.0,1.447015568614006,0.5484212636947632,-0.017782805080059916,0.03924718266353011,0.10734155375588864,0.9703947321364754,0.06531947740269982,0.6422500014305115,0.996399998664856
256,524288,2685.546271157826,189,0.968090910803188,0.09379047908471201,0.3785499930381775,0.996399998664856,70.9090909090909,208.42328195959757,8.0,1381.0,1.323866605758667,0.6490511745214462,-0.01425031415419653,0.0410916565451771,0.10359520066964512,0.968090910803188,0.09379047908471201,0.3785499930381775,0.996399998664856
257,526336,2731.5697430078912,190,0.9719627186403437,0.08585125908271339,0.3488500118255615,0.996399998664856,62.30508474576271,190.7805780397895,8.0,1447.0,1.2831951677799225,0.7105857282876968,-0.021904294640989974,0.05260851187631488,0.12229015081248722,0.9719627186403437,0.08585125908271339,0.3488500118255615,0.996399998664856
258,528384,2719.588529137811,190,0.9820572766390714,0.02776666968304931,0.831250011920929,0.9968500137329102,39.872727272727275,61.70370684178163,7.0,375.0,1.271756112575531,0.7347127050161362,0.008959336526459083,0.04682178050279617,0.10147307821059953,0.9820572766390714,0.02776666968304931,0.831250011920929,0.9968500137329102
259,530432,2716.6985542246407,191,0.9823750021557013,0.01873552369244607,0.8676999807357788,0.9955000281333923,39.166666666666664,41.634487574072,10.0,294.0,1.2907275408506393,0.7245574593544006,0.009972772211767733,0.04540263907983899,0.11247140868763367,0.9823750021557013,0.01873552369244607,0.8676999807357788,0.9955000281333923
260,532480,2740.5547741848623,192,0.9852400013378688,0.010158898138334335,0.9347500205039978,0.996399998664856,32.8,22.57533420097506,8.0,145.0,1.4316317737102509,0.5802911594510078,0.013814939113217406,0.035348250064998865,0.09787115829508442,0.9852400013378688,0.010158898138334335,0.9347500205039978,0.996399998664856
261,534528,2762.919025914062,193,0.979409093206579,0.0318983982540166,0.8325999975204468,0.996399998664856,45.75757575757576,70.8853236521818,8.0,372.0,1.4700483977794647,0.5191985741257668,0.008591188787249848,0.031536023830994964,0.0807954597129987,0.979409093206579,0.0318983982540166,0.8325999975204468,0.996399998664856
262,536576,2744.238123731898,193,0.9746875001324548,0.04396924447225888,0.7939000129699707,0.996399998664856,56.25,97.70942607775591,8.0,458.0,1.4611058831214905,0.5642223432660103,-0.0003506193752400577,0.03602485568262637,0.09489088176587603,0.9746875001324548,0.04396924447225888,0.7939000129699707,0.996399998664856
263,538624,2749.1547139401127,194,0.970405323708311,0.05747174117735234,0.689050018787384,0.9959499835968018,65.76595744680851,127.71497733957929,9.0,691.0,1.3736493736505508,0.6449779644608498,-0.01065934328653384,0.04317320371046662,0.10810213492338172,0.970405323708311,0.05747174117735234,0.689050018787384,0.9959499835968018
264,540672,2746.5159403051885,195,0.9771653872269851,0.04239560250124719,0.7313500046730042,0.996399998664856,50.743589743589745,94.2124489429698,8.0,597.0,1.433775544166565,0.5983598977327347,-0.005305944476276636,0.03863391047343612,0.08659952515921518,0.9771653872269851,0.04239560250124719,0.7313500046730042,0.996399998664856
265,542720,2743.6640017682234,196,0.9793121637524785,0.021845017342186055,0.8906499743461609,0.9968500137329102,45.972972972972975,48.54448307591068,7.0,243.0,1.3674149066209793,0.6630020588636398,0.00542422998114489,0.03843875415623188,0.10988862635562247,0.9793121637524785,0.021845017342186055,0.8906499743461609,0.9968500137329102
266,544768,2737.006002341289,196,0.9730400032467312,0.0482296850473061,0.7290999889373779,0.996399998664856,59.91111111111111,107.17707512382844,8.0,602.0,1.288228690624237,0.7062346488237381,0.02183290186803788,0.04647830268368125,0.13101044227102016,0.9730400032467312,0.0482296850473061,0.7290999889373779,0.996399998664856
267,546816,2749.4002139363324,197,0.9727353050428278,0.026759397721854022,0.8861500024795532,0.9959499835968018,60.588235294117645,59.46532239443462,9.0,253.0,1.3481938689947128,0.7064077109098434,0.026998290210030973,0.03800689335912466,0.1361396436583694,0.9727353050428278,0.026759397721854022,0.8861500024795532,0.9959499835968018
268,548864,2712.8196681239365,198,0.9798090194092423,0.03874478895240327,0.6998500227928162,0.9968500137329102,44.868852459016395,86.09953740471607,7.0,667.0,1.2166606038808823,0.7497388795018196,0.0019809489022009075,0.053328800946474075,0.10379703132879908,0.9798090194092423,0.03874478895240327,0.6998500227928162,0.9968500137329102
269,550912,2712.280882031618,199,0.9870385263786942,0.011508854432655318,0.9383500218391418,0.9968500137329102,28.80327868852459,25.57523114786248,7.0,137.0,1.2872737348079681,0.7503640428185463,0.00825671583879739,0.044712763745337725,0.10485684464844193,0.9870385263786942,0.011508854432655318,0.9383500218391418,0.9968500137329102
270,552960,2746.0479599809214,199,0.9743500042844702,0.022917140202391557,0.9225999712944031,0.9955000281333923,57.0,50.92696295240425,10.0,172.0,1.415618821978569,0.628889225423336,0.026402093702927232,0.029765936778858304,0.08733842738365377,0.9743500042844702,0.022917140202391557,0.9225999712944031,0.9955000281333923
271,555008,2726.5141368771306,200,0.9773568185892972,0.029909041655659396,0.8361999988555908,0.9968500137329102,50.31818181818182,66.46454035022693,7.0,364.0,1.368187054991722,0.6659247800707817,0.008537296089343727,0.033839575946331024,0.09143050101617264,0.9773568185892972,0.029909041655659396,0.8361999988555908,0.9968500137329102
272,557056,2730.022721335338,201,0.9809276639147008,0.025985941881222937,0.8748999834060669,0.9968500137329102,42.38297872340426,57.74653096018597,7.0,278.0,1.3683588653802872,0.6510442346334457,0.001114245707867667,0.03583505027927458,0.08630105961831896,0.9809276639147008,0.025985941881222937,0.8748999834060669,0.9968500137329102
273,559104,2731.640103834915,202,0.9778060007095337,0.032980355535265814,0.820900022983551,0.9968500137329102,49.32,73.28968276640309,7.0,398.0,1.3299060016870499,0.6892460584640503,-0.012901205613161437,0.04120637942105532,0.08701311433254608,0.9778060007095337,0.032980355535265814,0.820900022983551,0.9968500137329102
274,561152,2746.2033503935986,202,0.9789361725462243,0.022443367461556868,0.8789499998092651,0.9968500137329102,46.808510638297875,49.874155801684886,7.0,269.0,1.3412493765354156,0.6870459839701653,-0.004814210486074444,0.04336995119228959,0.10149168913820582,0.9789361725462243,0.022443367461556868,0.8789499998092651,0.9968500137329102
275,563200,2731.511546050487,203,0.9801148675583504,0.018871273272550945,0.9243999719619751,0.9968500137329102,44.189189189189186,41.93614053684923,7.0,168.0,1.4446630775928497,0.5862868800759315,0.005171859636902809,0.03607937600463629,0.07953928391749367,0.9801148675583504,0.018871273272550945,0.9243999719619751,0.9968500137329102
276,565248,2727.673423557879,204,0.9808847839417665,0.02012345890502058,0.9194499850273132,0.996399998664856,42.47826086956522,44.71880215905434,8.0,179.0,1.3506447523832321,0.6548265218734741,-0.002255630010040477,0.04200921463780105,0.118822918477186,0.9808847839417665,0.02012345890502058,0.9194499850273132,0.996399998664856
277,567296,2746.8953584789697,205,0.9807965159416199,0.030163155284486903,0.8465499877929688,0.9968500137329102,42.674418604651166,67.0292268534328,7.0,341.0,1.3866541981697083,0.6214874163269997,0.0005857481301063672,0.03337121941149235,0.09252452120382447,0.9807965159416199,0.030163155284486903,0.8465499877929688,0.9968500137329102
278,569344,2684.1264092552133,205,0.972413957118988,0.03441160956997393,0.797950029373169,0.9968500137329102,61.30232558139535,76.47025105828575,7.0,449.0,1.4145171791315079,0.6025296598672867,-0.005339619907317683,0.03456298168748617,0.06871122202096602,0.972413957118988,0.03441160956997393,0.797950029373169,0.9968500137329102
279,571392,2741.879185307757,206,0.9844750009831928,0.016204242057965765,0.9126999974250793,0.9968500137329102,34.5,36.00942336984267,7.0,194.0,1.419269785284996,0.6048720479011536,0.0005691966944141313,0.035828127758577466,0.0781366722834419,0.9844750009831928,0.016204242057965765,0.9126999974250793,0.9968500137329102
280,573440,2743.6885394714063,207,0.9743090922182257,0.031595535006183194,0.8798499703407288,0.9968500137329102,57.09090909090909,70.21228142433428,7.0,267.0,1.3898386657238007,0.6158366203308105,-0.007998893386684358,0.036427158396691084,0.09893790221330612,0.9743090922182257,0.031595535006183194,0.8798499703407288,0.9968500137329102
281,575488,2767.4596434299233,208,0.9843799988428752,0.01877928820465083,0.8915500044822693,0.9968500137329102,34.71111111111111,41.73174769204016,7.0,241.0,1.4187845289707184,0.5881741270422935,-0.008335941907716915,0.03359153517521918,0.09174315099929617,0.9843799988428752,0.01877928820465083,0.8915500044822693,0.9968500137329102
282,577536,2754.39892465395,208,0.9722090941486936,0.03698620919876305,0.8420500159263611,0.9968500137329102,61.75757575757576,82.19158340123298,7.0,351.0,1.4455329179763794,0.5483810007572174,-0.0049536468723090366,0.03331796219572425,0.07661438133923433,0.9722090941486936,0.03698620919876305,0.8420500159263611,0.9968500137329102
283,579584,2738.4395978193056,209,0.9844707587979874,0.02212716970043715,0.8501499891281128,0.996399998664856,34.509433962264154,49.17148377526077,8.0,333.0,1.2612512707710266,0.6740467920899391,-0.011990163548034616,0.046272830106318,0.09379566065853434,0.9844707587979874,0.02212716970043715,0.8501499891281128,0.996399998664856
284,581632,2724.1069418321044,210,0.9755764743861031,0.03809445018427951,0.8204500079154968,0.996399998664856,54.27450980392157,84.65433253482406,8.0,399.0,1.2507603615522385,0.6666883900761604,-0.010938518840703182,0.04016553005203605,0.08959457783460421,0.9755764743861031,0.03809445018427951,0.8204500079154968,0.996399998664856
285,583680,2714.6243177834845,211,0.9797295467420057,0.01908222826490196,0.9126999974250793,0.996399998664856,45.04545454545455,42.40494961754012,8.0,194.0,1.3001943975687027,0.641805537045002,-0.012560377013869584,0.038730776868760586,0.109640585234846,0.9797295467420057,0.01908222826490196,0.9126999974250793,0.996399998664856
286,585728,2748.1195207550186,211,0.9763250003258387,0.024392018386377657,0.8740000128746033,0.996399998664856,52.611111111111114,54.2044882201638,8.0,280.0,1.3811039924621582,0.5944044515490532,-0.008509533130563796,0.03409893182106316,0.08104219521341735,0.9763250003258387,0.024392018386377657,0.8740000128746033,0.996399998664856
287,587776,2715.3236750526235,212,0.9761050000786782,0.030859108991882836,0.8578000068664551,0.9968500137329102,53.1,68.57579747986895,7.0,316.0,1.3173744827508926,0.6179871559143066,-0.016405675327405334,0.03328954102471471,0.07928501208657067,0.9761050000786782,0.030859108991882836,0.8578000068664551,0.9968500137329102
288,589824,2703.969322463231,213,0.97838301703615,0.022378765253565806,0.8766999840736389,0.9968500137329102,48.0377358490566,49.73058064689567,7.0,274.0,1.095913052558899,0.7303436771035194,-0.021305733418557793,0.04124444117769599,0.0827579636647131,0.97838301703615,0.022378765253565806,0.8766999840736389,0.9968500137329102
289,591872,2683.1496581066563,214,0.9844524999459584,0.010390173181798934,0.9554499983787537,0.9968500137329102,34.55,23.08926518247531,7.0,99.0,1.0837415307760239,0.7555432021617889,-0.012520506075816229,0.042826063465327024,0.08124893231656041,0.9844524999459584,0.010390173181798934,0.9554499983787537,0.9968500137329102
290,593920,2687.128180118416,214,0.9838915265212624,0.013537517439095188,0.9356499910354614,0.9968500137329102,35.79661016949152,30.08337547607437,7.0,143.0,1.1312847137451172,0.7510838732123375,-0.0035158104146830738,0.045588104985654354,0.07105722396028712,0.9838915265212624,0.013537517439095188,0.9356499910354614,0.9968500137329102
291,595968,2696.0960583340448,215,0.986463713069116,0.008883958172390237,0.963100016117096,0.9968500137329102,30.080645161290324,19.742126553998418,7.0,82.0,1.1281369924545288,0.7597761154174805,0.009023423946928233,0.04930793819949031,0.10319727712301224,0.986463713069116,0.008883958172390237,0.963100016117096,0.9968500137329102
292,598016,2739.688563610854,216,0.9841825008392334,0.010244078655260372,0.9635499715805054,0.9968500137329102,35.15,22.76461069291544,7.0,81.0,1.298997163772583,0.6743371933698654,0.008665450324770063,0.03836187184788287,0.08338604225958085,0.9841825008392334,0.010244078655260372,0.9635499715805054,0.9968500137329102
293,600064,2708.715221045774,217,0.9782687549789747,0.021660262669998244,0.8794000148773193,0.9968500137329102,48.291666666666664,48.13390970915295,7.0,268.0,1.3043798059225082,0.7170302793383598,-0.0094949765043566,0.04175476566888392,0.08266492291492714,0.9782687549789747,0.021660262669998244,0.8794000148773193,0.9968500137329102
294,602112,2704.4664941126243,217,0.9781970568731719,0.029872404581551167,0.7839999794960022,0.9968500137329102,48.450980392156865,66.38311671888674,7.0,480.0,1.1893493235111237,0.7651291862130165,-0.001826304942369461,0.0493350476026535,0.10173384855752232,0.9781970568731719,0.029872404581551167,0.7839999794960022,0.9968500137329102
295,604160,2693.7549228824464,218,0.9818250007099576,0.009696551765344766,0.9590499997138977,0.9955000281333923,40.388888888888886,21.547893827357274,10.0,91.0,1.1791772842407227,0.7643729448318481,3.3837161026895046e-05,0.0464113256894052,0.08275420306955104,0.9818250007099576,0.009696551765344766,0.9590499997138977,0.9955000281333923
296,606208,2669.235841367256,219,0.9807441899942797,0.013499848596353524,0.9302499890327454,0.9955000281333923,42.7906976744186,29.999657470552222,10.0,155.0,1.2031785249710083,0.7502856701612473,0.008181484939996153,0.0418765596114099,0.09339323601977834,0.9807441899942797,0.013499848596353524,0.9302499890327454,0.9955000281333923
297,608256,2720.704877605356,220,0.9835750013589859,0.010962839053095936,0.9477999806404114,0.996399998664856,36.5,24.361855430159665,8.0,116.0,1.0884013921022415,0.7913899049162865,-0.009924098405463155,0.04924500081688166,0.09352236676610397,0.9835750013589859,0.010962839053095936,0.9477999806404114,0.996399998664856
298,610304,2686.8138342876964,221,0.9812125008214604,0.013945425746661461,0.9176499843597412,0.9959499835968018,41.75,30.989826043103534,9.0,183.0,1.234548807144165,0.758650965988636,0.01743568346137181,0.04228220088407397,0.1106031630693013,0.9812125008214604,0.013945425746661461,0.9176499843597412,0.9959499835968018
299,612352,2727.685549761429,221,0.9794687529404958,0.01983653486682043,0.8668000102043152,0.9959499835968018,45.625,44.08118693577416,9.0,296.0,1.229097306728363,0.7550065964460373,0.006007633339322638,0.04580434272065759,0.09410043661026185,0.9794687529404958,0.01983653486682043,0.8668000102043152,0.9959499835968018
300,614400,2708.2207554070246,222,0.9832449992497762,0.013841280449851152,0.9176499843597412,0.9968500137329102,37.233333333333334,30.758395421232375,7.0,183.0,1.2011483758687973,0.7847520783543587,-0.007677613859414123,0.049853484611958265,0.08525292957773573,0.9832449992497762,0.013841280449851152,0.9176499843597412,0.9968500137329102
